filename,label,quality,split,prediction,area_ratio,box_counting_dimension,aspect_ratio,projection_horizontal_00,projection_horizontal_01,projection_horizontal_02,projection_horizontal_03,projection_horizontal_04,projection_horizontal_05,projection_horizontal_06,projection_horizontal_07,projection_horizontal_08,projection_horizontal_09,projection_horizontal_10,projection_horizontal_11,projection_horizontal_12,projection_horizontal_13,projection_horizontal_14,projection_horizontal_15,projection_vertical_00,projection_vertical_01,projection_vertical_02,projection_vertical_03,projection_vertical_04,projection_vertical_05,projection_vertical_06,projection_vertical_07,projection_vertical_08,projection_vertical_09,projection_vertical_10,projection_vertical_11,projection_vertical_12,projection_vertical_13,projection_vertical_14,projection_vertical_15,chain_code_0,chain_code_1,chain_code_2,chain_code_3,chain_code_4,chain_code_5,chain_code_6,chain_code_7,lbp_hist_00,lbp_hist_01,lbp_hist_02,lbp_hist_03,lbp_hist_04,lbp_hist_05,lbp_hist_06,lbp_hist_07,lbp_hist_08,lbp_hist_09,lbp_hist_10,lbp_hist_11,lbp_hist_12,lbp_hist_13,lbp_hist_14,lbp_hist_15,red_hist_00,red_hist_01,red_hist_02,red_hist_03,red_hist_04,red_hist_05,red_hist_06,red_hist_07,haralick_red_contrast,haralick_red_energy,haralick_red_homogeneity,haralick_red_correlation,green_hist_00,green_hist_01,green_hist_02,green_hist_03,green_hist_04,green_hist_05,green_hist_06,green_hist_07,haralick_green_contrast,haralick_green_energy,haralick_green_homogeneity,haralick_green_correlation,blue_hist_00,blue_hist_01,blue_hist_02,blue_hist_03,blue_hist_04,blue_hist_05,blue_hist_06,blue_hist_07,haralick_blue_contrast,haralick_blue_energy,haralick_blue_homogeneity,haralick_blue_correlation,intensity_hist_00,intensity_hist_01,intensity_hist_02,intensity_hist_03,intensity_hist_04,intensity_hist_05,intensity_hist_06,intensity_hist_07,intensity_hist_08,intensity_hist_09,intensity_hist_10,intensity_hist_11
coin_clean_01.png,coin,clean,test,coin,0.6424696180555556,1.8653653961870338,1.0,0.2855902777777778,0.3042534722222222,0.2712673611111111,0.2660590277777778,0.5859375,0.66796875,0.7408854166666666,0.84765625,0.8736979166666666,0.8389756944444445,0.8237847222222222,0.8598090277777778,0.8424479166666666,0.7322048611111112,0.83984375,0.4991319444444444,0.4014756944444444,0.8159722222222222,0.765625,0.7647569444444445,0.7734375,0.7591145833333334,0.7621527777777778,0.7482638888888888,0.7300347222222222,0.7348090277777778,0.7061631944444445,0.6484375,0.5004340277777778,0.4435763888888889,0.46484375,0.2604166666666667,0.06275720164609054,0.1522633744855967,0.06275720164609054,0.19958847736625515,0.07716049382716049,0.16306584362139917,0.073559670781893,0.2088477366255144,0.14799020435737206,0.0701739571018409,0.03783144739064347,0.07844958621854417,0.027149130214490797,0.016213477453132917,0.01963350785340314,0.0840229690930586,0.07790069245059957,0.020393514609018747,0.016044587062996114,0.027064685019422396,0.0699628441141699,0.03238473230873163,0.07283398074649552,0.20195068400608004,0.18995946630636718,0.21491302144907956,0.11290322580645161,0.08541631481168721,0.1519591285255869,0.17619489951021786,0.028204695152845804,0.04044924843776389,51.693591288582006,0.015025193549603567,0.396105583327516,0.1850574277298128,0.21689748353318697,0.14583685188312784,0.08528964701908462,0.06481168721499747,0.051047120418848166,0.06236277655801385,0.11944772842425266,0.25430670494848845,52.33434300665515,0.013742201516456727,0.3720118051490393,0.17540100656098026,0.3520097956426279,0.032426954906265834,0.06295389292349265,0.08803411585880763,0.059280526938017226,0.060631650059111634,0.11986995439959466,0.22479310927208243,52.5526604349195,0.014052675694285855,0.3844372389966469,0.16426197793508074,0.1553369363283229,0.1279766931261611,0.08887856780949165,0.06312278331362946,0.05412937003884479,0.04285593649721331,0.03044249282215842,0.04353149805776051,0.04674041547035974,0.10217868603276474,0.11923661543658166,0.1255700050667117
coin_clean_02.png,coin,clean,test,coin,0.5745713975694444,1.8706836569550827,1.2266666666666666,0.0,0.0,0.0,0.21657986111111113,0.5169270833333334,0.7000868055555555,0.765625,0.7894965277777778,0.8619791666666666,0.8324652777777778,0.8641493055555555,0.87109375,0.7894965277777778,0.6853298611111112,0.7907986111111112,0.5091145833333334,0.2152777777777778,0.5286458333333334,0.5303819444444444,0.5985243055555556,0.6024305555555556,0.6640625,0.7291666666666666,0.7217881944444445,0.7486979166666666,0.7421875,0.6848958333333334,0.6809895833333334,0.625,0.4166666666666667,0.4474826388888889,0.2569444444444445,0.09382422802850356,0.20843230403800475,0.05819477434679335,0.15676959619952494,0.05344418052256532,0.23099762470308788,0.04453681710213777,0.15380047505938244,0.15022897880175629,0.07298994381757236,0.03569236579953732,0.08082715641376706,0.02554175912374298,0.013361031112789764,0.017657334403474813,0.08616212643406827,0.08370709598224824,0.018412728388650206,0.013785940229450924,0.026627637977432606,0.07100703460648694,0.028516122940371088,0.07709739861196355,0.1983853453566876,0.20664746706954346,0.19526934516783911,0.10462206694679194,0.0677021859213446,0.14904867569991975,0.19224776922713752,0.04220763892167509,0.04225485104574855,47.70352496089439,0.0177272925716181,0.43798842957799655,0.2488555056546697,0.2416788631320523,0.1668948585996884,0.059392852084415276,0.04796751805863746,0.03403994145696615,0.04952551815306171,0.1287002502242576,0.2718001982909211,48.47748851083438,0.015050160236018843,0.40595704743505734,0.22650821714465277,0.44870402719418345,0.02658042585335914,0.01694915254237288,0.057079458004815634,0.036022850668051554,0.04862848779566593,0.12402624994098485,0.24200934800056653,49.03414616401314,0.01656477875843482,0.4234404649453032,0.22064582141974512,0.16802794957745149,0.14720740286105471,0.09385770265804258,0.049100609036400546,0.04140503281242623,0.02285066805155564,0.026344365232991832,0.03271800198290921,0.06354751900287994,0.0813937019026486,0.14569661489070393,0.12785043199093526
coin_clean_03.png,coin,clean,test,coin,0.6219346788194444,1.8768177103523436,1.0,0.12369791666666667,0.21571180555555555,0.16536458333333334,0.4561631944444444,0.615017361111111,0.6979166666666666,0.7534722222222222,0.80859375,0.8532986111111112,0.8615451388888888,0.8706597222222222,0.8042534722222222,0.6918402777777778,0.7296006944444445,0.7990451388888888,0.5047743055555556,0.40668402777777773,0.7439236111111112,0.6762152777777778,0.7048611111111112,0.5750868055555556,0.6675347222222222,0.7213541666666666,0.7682291666666666,0.7434895833333334,0.7595486111111112,0.7096354166666666,0.6536458333333334,0.6488715277777778,0.4678819444444444,0.4375,0.2664930555555555,0.07222491517207949,0.17207949587978671,0.04459524963645177,0.2035870092098885,0.05574406204556471,0.19049927290353855,0.033446437227338824,0.22782355792535142,0.14934356871810528,0.0692633139965979,0.03655079164304095,0.0791643040956078,0.025951934400488506,0.015483927247350286,0.020107297073319666,0.08623020892397609,0.07763771971910848,0.020063680376848258,0.014175426353208008,0.028394469402887427,0.07144414882016836,0.03149125485235748,0.07606751864613774,0.19863043573079775,0.1946613163518995,0.20512932350503774,0.10995769180442273,0.07711431936145156,0.15296375452523225,0.18087844026693417,0.03990927727133947,0.03938587691368256,50.38066162910988,0.01580878265439184,0.41058043498503627,0.2021917435217847,0.22205260173594452,0.14249574737209403,0.07820473677323679,0.06490164434945697,0.04889431674444977,0.05351768657041916,0.12788415405417194,0.2620491124002268,51.160167318850355,0.013839856600023957,0.3852314409885082,0.1872972968803041,0.37165787063287825,0.027871069045230516,0.05783573952108867,0.07192393248135386,0.053953853535133246,0.0570070222881319,0.1253980023553016,0.23435251014088193,51.1393873971124,0.01499523595480696,0.40120070917702816,0.1841108814570491,0.16308282810659921,0.12382780128233088,0.0843110742792341,0.054782570768090025,0.054957037553975664,0.03925502682426833,0.03755397566188337,0.027783835652287696,0.06398569372355738,0.10655558947965281,0.12448205172940202,0.11942251493871854
coin_clean_04.png,coin,clean,train,coin,0.610107421875,1.8590123851870743,1.0,0.19618055555555555,0.2921006944444445,0.2912326388888889,0.2547743055555555,0.5442708333333334,0.6605902777777778,0.7174479166666666,0.7986111111111112,0.8203125,0.7907986111111112,0.8103298611111112,0.8068576388888888,0.7868923611111112,0.6996527777777778,0.7981770833333334,0.4934895833333333,0.38715277777777773,0.7703993055555555,0.7356770833333334,0.7868923611111112,0.6905381944444445,0.7426215277777778,0.6814236111111112,0.7118055555555555,0.7439236111111112,0.6944444444444445,0.6453993055555556,0.5902777777777778,0.4596354166666667,0.4157986111111111,0.4444444444444444,0.2612847222222222,0.06150341685649203,0.14077448747152618,0.05056947608200456,0.25740318906605925,0.05239179954441914,0.14578587699316628,0.04009111617312073,0.25148063781321184,0.1497487884042506,0.06900537992974967,0.040016006402561026,0.07660842114623627,0.02707749766573296,0.014805922368947578,0.017829353963807745,0.07940954159441554,0.07883153261304522,0.018985371926548398,0.01720688275310124,0.028811524609843937,0.07491885643146147,0.03227957849806589,0.07287359388199724,0.2015917478102352,0.21537503890445067,0.19727891156462585,0.09937308256635988,0.07767551465030456,0.1651327197545685,0.17980525543550754,0.02512115957494109,0.04023831754924192,52.80587166931052,0.014309662937370689,0.38568266709776466,0.16499893036021276,0.22955849006269174,0.12009248143701926,0.08123249299719888,0.0689609177004135,0.04650749188564315,0.055088702147525676,0.1281846071762038,0.270374816593304,53.060590385543826,0.01362753278552476,0.37060173570838095,0.16409184985257988,0.3077230892356943,0.053399137432750876,0.07042817126850741,0.08945800542439197,0.052332043928682584,0.057623049219687875,0.12307145080254324,0.24596505268774177,53.214623997057274,0.013820770892755223,0.37830697488044546,0.14821701930141326,0.1651327197545685,0.11822506780489973,0.07816459917300253,0.06447023253745943,0.04717442532568583,0.04552932284024721,0.02752211995909475,0.02618825307900938,0.06967231336979236,0.10862122626828509,0.12645058023209282,0.12284913965586235
coin_clean_05.png,coin,clean,train,coin,0.6417914496527778,1.8757141904850727,1.0,0.20963541666666666,0.40234375,0.3606770833333333,0.35112847222222227,0.5590277777777778,0.6814236111111112,0.7335069444444445,0.8216145833333334,0.8741319444444445,0.8519965277777778,0.8159722222222222,0.7743055555555555,0.7239583333333334,0.7547743055555555,0.8658854166666666,0.48828125,0.4778645833333333,0.7786458333333334,0.6818576388888888,0.7751736111111112,0.7504340277777778,0.8498263888888888,0.8315972222222222,0.8168402777777778,0.7126736111111112,0.7083333333333334,0.6362847222222222,0.546875,0.5086805555555556,0.4665798611111111,0.4505208333333333,0.2764756944444445,0.053514739229024944,0.17505668934240362,0.055782312925170066,0.23764172335600908,0.04308390022675737,0.1673469387755102,0.03492063492063492,0.23265306122448978,0.15245783845471067,0.06530284458345662,0.03711061329726531,0.06809248066274991,0.028657170632740182,0.015638868929371486,0.01918931484847204,0.08005410203305297,0.0832664102455725,0.02104907223466757,0.016822350902405005,0.027515955873029293,0.07485523479437,0.0296715837524832,0.0758273807007904,0.20448877805486285,0.18796229764571623,0.2222410076503656,0.10571030051988672,0.07591191512743564,0.16061541062597742,0.1801851303943531,0.02421911323386449,0.04315482480240078,52.07817834742296,0.014487307153349744,0.3911423029898623,0.17066971143921783,0.21522465023880977,0.13817152035166322,0.08812713977767446,0.06855742000929879,0.04040745593643011,0.06365442326387422,0.12713977767445792,0.25871761274779154,53.55757840196347,0.013100366872962215,0.36621614544289754,0.15099693042901377,0.33403778688871044,0.02929117883257957,0.07527790692759627,0.0908322414303225,0.05029798385392451,0.052284542880087916,0.11420601039773448,0.2537723487890443,51.56122170711753,0.014029142948975037,0.3857617269104861,0.16983487035777636,0.1571072319201995,0.12582949406145652,0.07202333150175409,0.07223466756836722,0.05418656747960607,0.04307029037575553,0.02557166406018851,0.026078870620060018,0.06826154951604041,0.11040196119869818,0.12468827930174564,0.12054609239612832
coin_clean_06.png,coin,clean,train,coin,0.6741807725694444,1.8808110301495018,1.0,0.2743055555555555,0.4739583333333333,0.37890625,0.4474826388888889,0.6284722222222222,0.7018229166666666,0.7005208333333334,0.8572048611111112,0.8598090277777778,0.8572048611111112,0.8146701388888888,0.9144965277777778,0.8107638888888888,0.7534722222222222,0.8394097222222222,0.4743923611111111,0.42534722222222227,0.8098958333333334,0.8333333333333334,0.7513020833333334,0.7565104166666666,0.8268229166666666,0.8684895833333334,0.8107638888888888,0.7829861111111112,0.7764756944444445,0.7113715277777778,0.646267361111111,0.6102430555555556,0.4288194444444444,0.45703125,0.2912326388888889,0.05641272902603665,0.17839922854387658,0.07087753134040502,0.19961427193828352,0.05785920925747348,0.17309546769527484,0.05785920925747348,0.20588235294117646,0.15048485092342978,0.06844244155635135,0.03717861022814147,0.0751619522794029,0.02514786947249829,0.01661771214742687,0.019756166257594656,0.0808755482235545,0.08349092664869433,0.019474510119502676,0.015812980324306926,0.028728926085382047,0.07548384500865087,0.030660282460869916,0.07298917635697903,0.19969420190721443,0.17925401359996782,0.22971069890958837,0.12119261256186376,0.08707198326157808,0.14786947249828994,0.16501026033074478,0.026274494024866212,0.04361646481310103,50.872346151855496,0.015186002870000034,0.40449519956261326,0.18902168751930087,0.20564921739830203,0.14939846296221784,0.09902225083490927,0.07524242546171489,0.05347442964632036,0.058866132861223996,0.11676658753470406,0.24158049330060757,52.946793644221316,0.0133481543653129,0.3726280388233703,0.16341945423074264,0.33738381684303703,0.02659638675411419,0.08123767754395847,0.09922343379068925,0.061521747877519815,0.05500342011024826,0.09511930149277753,0.24391421558765541,50.730417680244294,0.014590588403957867,0.39485108230048965,0.1842403120324817,0.14461030861465415,0.11833581458978795,0.10212046835392105,0.07375367158894298,0.06256789924757575,0.04800225324910474,0.0323099826982658,0.030660282460869916,0.06107914537480385,0.09874059469681729,0.10976542067356053,0.11805415845169598
coin_noisy_07.png,coin,noisy,train,coin,0.3644748263888889,1.8387886206123873,1.02,0.0,0.0,0.0,0.08984375,0.3684895833333333,0.502170138888889,0.5694444444444444,0.622829861111111,0.6644965277777778,0.6792534722222222,0.6931423611111112,0.7052951388888888,0.5108506944444444,0.3185763888888889,0.07595486111111112,0.03125,0.015190972222222222,0.09461805555555557,0.125,0.3151041666666667,0.540798611111111,0.6263020833333334,0.6857638888888888,0.6358506944444444,0.662326388888889,0.62890625,0.5772569444444444,0.4947916666666667,0.38237847222222227,0.04730902777777778,0.0,0.0,0.20821917808219179,0.07945205479452055,0.15342465753424658,0.031506849315068496,0.2191780821917808,0.09041095890410959,0.2,0.01780821917808219,0.17698719857100328,0.062072045251562964,0.03751116403691575,0.06906817505209883,0.023295623697529026,0.011089610002977077,0.027240250074426913,0.07427805894611492,0.0750223280738315,0.026272700208395356,0.012354867520095266,0.024114319738017267,0.06705864840726407,0.03609705269425424,0.06482584102411432,0.21271211670139922,0.28691574873474246,0.24203632033343256,0.16016671628460852,0.10069961298005359,0.08008335814230426,0.06103006847275975,0.03073831497469485,0.038329860077403986,59.422994520599886,0.014990777908829557,0.32554507106651465,0.1129814655155764,0.36967847573682644,0.22841619529621912,0.11446859184281036,0.07048228639476034,0.048451920214349506,0.038181006251860675,0.041381363501041976,0.08894016076213158,59.53203268680204,0.014699792574839445,0.3225644408384298,0.10299763437549625,0.7163590354272105,0.10218815123548675,0.03743673712414409,0.016076213158678177,0.018383447454599584,0.01689490919916642,0.02478416195296219,0.06787734444775231,59.33481220256717,0.015880953367946097,0.3278884103296822,0.11611931538322175,0.2537213456385829,0.20474843703483178,0.1347127121167014,0.09541530217326585,0.05284310806787734,0.045549270616254835,0.038478713902947305,0.02470973504019053,0.029696338195891635,0.031631437927954746,0.05105686216135755,0.03743673712414409
coin_noisy_08.png,coin,noisy,train,coin,0.3227810329861111,1.8247449339526542,0.7908496732026143,0.0,0.0,0.002170138888888889,0.21397569444444445,0.42925347222222227,0.5303819444444444,0.580295138888889,0.5989583333333334,0.615451388888889,0.5902777777777778,0.5269097222222222,0.4739583333333333,0.3302951388888889,0.09895833333333333,0.0998263888888889,0.07378472222222222,0.0,0.0,0.006944444444444444,0.3190104166666667,0.5694444444444444,0.5620659722222222,0.58984375,0.657986111111111,0.6814236111111112,0.622829861111111,0.5360243055555556,0.4188368055555556,0.20008680555555555,0.0,0.0,0.0,0.18319559228650137,0.11019283746556474,0.15289256198347106,0.06887052341597796,0.09090909090909091,0.1322314049586777,0.20110192837465565,0.06060606060606061,0.18026724934868477,0.05958483906210606,0.04075972770821078,0.0589125136566098,0.02395159257080427,0.012606101353054878,0.028573829733591058,0.06832506933355745,0.07504832338852005,0.02722917892259854,0.015127321623665854,0.02327926716530801,0.05630725271031179,0.04033952432977561,0.05420623581813598,0.23548197327506512,0.32532145558450287,0.24380200016808135,0.12202706109757122,0.06647617446844273,0.06160181527859484,0.07630893352382553,0.04958399865534919,0.05487856122363224,61.99249233145284,0.018244933037151627,0.327762792649695,0.09393749982701205,0.4021346331624506,0.2253130515169342,0.09748718379695773,0.04731490041179931,0.02722917892259854,0.023195226489620975,0.04504580216824943,0.13228002353138918,61.61086681395997,0.018259597162238454,0.32598592826504197,0.0894921865838402,0.710479872258173,0.09076392974199513,0.04235650054626439,0.015379443650726951,0.006219010000840406,0.005798806622405244,0.0343726363559963,0.09462980082359862,59.00135138033849,0.019672878789593725,0.3422413419490792,0.13129004438777792,0.27708210774014624,0.2227077905706362,0.13236406420707622,0.06622405244138163,0.04823934784435667,0.03000252122027061,0.017480460542902764,0.014959240272291788,0.023447348516682075,0.03790234473485167,0.04840742919573073,0.08118329271367342
coin_noisy_09.png,coin,noisy,train,coin,0.2858344184027778,1.757256235339118,0.8857142857142857,0.0,0.0,0.0,0.014756944444444446,0.2990451388888889,0.4431423611111111,0.5269097222222222,0.5729166666666666,0.584201388888889,0.583767361111111,0.572482638888889,0.4670138888888889,0.328125,0.10677083333333333,0.04730902777777778,0.026909722222222224,0.0,0.0,0.026041666666666668,0.2721354166666667,0.42144097222222227,0.5703125,0.6215277777777778,0.5902777777777778,0.588107638888889,0.5889756944444444,0.4796006944444444,0.34418402777777773,0.07074652777777778,0.0,0.0,0.0,0.19381107491856678,0.07654723127035831,0.1986970684039088,0.043973941368078175,0.15960912052117263,0.08469055374592833,0.21009771986970685,0.03257328990228013,0.19388820347347444,0.060833254246939354,0.039290120527664424,0.06130777261080004,0.027237354085603113,0.012147670114833444,0.028281294486096613,0.07336053905286134,0.07374015374394989,0.028281294486096613,0.013096706842554807,0.024674954920755433,0.0580810477365474,0.03435512954351334,0.05665749264496536,0.2147670114833444,0.3693650944291544,0.22406757141501377,0.10913922368795673,0.06890006643257095,0.057606529372686725,0.0664325709404954,0.05532884122615545,0.04916010249596659,64.03601684658953,0.015885987975453653,0.31159183496950354,0.0621661230951788,0.4468064914112176,0.2003416532219797,0.09044320015184587,0.05295624940685204,0.030179367941539338,0.02790167979500807,0.036537914017272466,0.1148334440542849,63.5388972261219,0.014863786563745766,0.3055155773867954,0.05487663653239164,0.7322767391098035,0.09537819113599696,0.043750593147954826,0.010913922368795672,0.004934990984151086,0.006168738730188858,0.02163803739204707,0.08493878713106197,59.860918816865954,0.015925745795611033,0.3266356201459919,0.11064142473438486,0.3240011388440733,0.212394419664041,0.1082850906330075,0.06766631868653317,0.04773654740438455,0.03435512954351334,0.017936794153933757,0.019075638227199394,0.02372591819303407,0.029515042232134383,0.03682262503558888,0.07848533738255671
coin_noisy_10.png,coin,noisy,test,coin,0.3428819444444444,1.812006984297831,0.9932432432432432,0.0,0.0,0.0,0.11024305555555557,0.3797743055555556,0.4991319444444444,0.56640625,0.60546875,0.6644965277777778,0.646701388888889,0.6354166666666666,0.521267361111111,0.4348958333333333,0.22048611111111113,0.13020833333333334,0.07161458333333333,0.0,0.03819444444444444,0.08854166666666667,0.19704861111111113,0.3993055555555556,0.6297743055555556,0.6974826388888888,0.625,0.71875,0.625,0.5572916666666666,0.4865451388888889,0.3693576388888889,0.05381944444444445,0.0,0.0,0.17582417582417584,0.11477411477411477,0.13675213675213677,0.07814407814407814,0.13186813186813187,0.115995115995116,0.1794871794871795,0.06715506715506715,0.16764240506329114,0.06384493670886075,0.03306962025316456,0.06590189873417722,0.021756329113924052,0.011867088607594937,0.026186708860759494,0.07587025316455696,0.08037974683544304,0.024683544303797468,0.010996835443037974,0.023892405063291138,0.0678006329113924,0.032278481012658226,0.06882911392405064,0.225,0.25949367088607594,0.2821993670886076,0.15617088607594937,0.08085443037974684,0.07246835443037974,0.08322784810126582,0.03417721518987342,0.03140822784810127,58.073759381764475,0.017642932915720305,0.33306531884853185,0.1378418416820084,0.3752373417721519,0.2662183544303797,0.09541139240506329,0.05102848101265823,0.040585443037974685,0.03314873417721519,0.04857594936708861,0.08979430379746836,57.8652060447897,0.01966228014429135,0.34338540264983186,0.14436176669937495,0.6919303797468355,0.14145569620253165,0.022468354430379745,0.010363924050632911,0.0125,0.013370253164556962,0.030221518987341774,0.07768987341772152,58.24239849487164,0.018814332468137115,0.34092464922030374,0.13638669260186065,0.24430379746835443,0.24003164556962026,0.1514240506329114,0.0742879746835443,0.04454113924050633,0.035205696202531646,0.03243670886075949,0.022626582278481012,0.03045886075949367,0.036787974683544306,0.044620253164556964,0.043275316455696204
coin_noisy_11.png,coin,noisy,test,coin,0.3087565104166667,1.7876462508154736,0.8979591836734694,0.0,0.0,0.0,0.16449652777777776,0.3936631944444444,0.4991319444444444,0.5520833333333334,0.6089409722222222,0.6046006944444444,0.5863715277777778,0.5946180555555556,0.48394097222222227,0.2777777777777778,0.08289930555555555,0.06684027777777778,0.024739583333333332,0.0,0.0,0.015190972222222222,0.19748263888888887,0.4045138888888889,0.5625,0.623263888888889,0.630642361111111,0.591579861111111,0.6375868055555556,0.51953125,0.4201388888888889,0.2916666666666667,0.04600694444444445,0.0,0.0,0.19423558897243107,0.11278195488721804,0.14285714285714285,0.09022556390977443,0.13283208020050125,0.11654135338345864,0.11904761904761904,0.09147869674185463,0.18169038833245477,0.06185204709189949,0.0406782639254964,0.05868915832015463,0.0279388508170796,0.012651555086979441,0.025478826216833596,0.073537163943068,0.08232296608680373,0.028641714988578457,0.015638727815849587,0.025215252152521524,0.06396063960639606,0.03435248638200668,0.06273062730627306,0.20462133192760498,0.35301353013530135,0.219381479529081,0.0893516078017923,0.0558777016341592,0.06765067650676507,0.09031804603760324,0.05412054120541206,0.07028641714988579,60.92195198776071,0.014535646668199675,0.31800087582002,0.08506280779945821,0.42347566332806186,0.18072395009664383,0.07283429977156915,0.0431382885257424,0.03400105429625725,0.03303461606044632,0.05051836232648041,0.1622737655947988,60.60422525704771,0.013443096996274188,0.30857252918246914,0.06845037530489867,0.6656123704094183,0.08724301528729574,0.05007907221929362,0.029081005095765243,0.009752240379546653,0.012300123001230012,0.03909681953962397,0.10683535406782639,57.17395999730016,0.01542480923968916,0.33512640977064895,0.1342602382099351,0.29898084695132665,0.2163064487787735,0.08803373748023194,0.058777016341591985,0.034088912317694606,0.03075030750307503,0.019504480759093307,0.024600246002460024,0.030311017395888245,0.033386048146195745,0.062027763134774205,0.10323317518889474
coin_noisy_12.png,coin,noisy,train,coin,0.3495551215277778,1.773084707308143,0.94,0.0,0.0,0.0,0.20008680555555555,0.4552951388888889,0.545138888888889,0.607204861111111,0.6085069444444444,0.6202256944444444,0.6180555555555556,0.5716145833333334,0.49956597222222227,0.3693576388888889,0.24088541666666666,0.1423611111111111,0.11458333333333333,0.003472222222222222,0.06901041666666667,0.20095486111111113,0.49609375,0.599826388888889,0.6380208333333334,0.6258680555555556,0.6419270833333334,0.6705729166666666,0.6098090277777778,0.5160590277777778,0.3914930555555556,0.12977430555555555,0.0,0.0,0.0,0.13346228239845262,0.20986460348162475,0.08123791102514506,0.11315280464216634,0.03868471953578337,0.19632495164410058,0.12475822050290135,0.10251450676982592,0.17670339903771534,0.058280304206115165,0.04120751202855812,0.06060841223032749,0.024134719851001088,0.011407729318640385,0.02739407108489834,0.07325779916188112,0.0808629520409747,0.02700605308086295,0.013735837342852709,0.024755548657457705,0.061694862641626574,0.035154431165606084,0.058823529411764705,0.22497283873971752,0.3104920068291169,0.2432872885301878,0.10228154586372808,0.061074033835169954,0.08241502405711625,0.08606239329504889,0.044234052460034146,0.07015365512959801,59.95576051586114,0.017058783522463695,0.3324960984705251,0.10744708084806112,0.3733509234828496,0.2202390190904858,0.07240415955300326,0.04601893527859693,0.0333695483470433,0.03367996275027161,0.05346888095607636,0.16746857054167313,59.69583358287916,0.016427439107399765,0.3260346202656199,0.092479176488029,0.6503957783641161,0.0835790780692224,0.053624088157690514,0.030653422318795594,0.011950954524289927,0.01489989135495887,0.040198665218066115,0.11469812199286047,56.355892276057574,0.018633295483512054,0.34860365429180185,0.15809618493068456,0.2597392519012882,0.2202390190904858,0.11244761756945522,0.05905634021418594,0.03212789073413006,0.029877386310724816,0.025686791867142636,0.026928449480055874,0.02397951264938693,0.04283718764550675,0.06293652025453982,0.10414403228309793
leaf_clean_01.png,leaf,clean,test,leaf,0.2384711371527778,1.7942789996371433,0.7279411764705882,0.0,0.0,0.0,0.06076388888888889,0.203125,0.3350694444444444,0.47309027777777773,0.5125868055555556,0.49652777777777773,0.4709201388888889,0.44921875,0.3828125,0.2643229166666667,0.14366319444444445,0.0234375,0.0,0.0,0.0,0.0,0.032552083333333336,0.3142361111111111,0.4435763888888889,0.5638020833333334,0.6727430555555555,0.6514756944444444,0.5269097222222222,0.40234375,0.20789930555555555,0.0,0.0,0.0,0.0,0.22103004291845493,0.0,0.2854077253218884,0.004291845493562232,0.19957081545064378,0.008583690987124463,0.2811158798283262,0.0,0.07587305198498465,0.06074394266863838,0.029348197019679216,0.11659651916733023,0.02604936867250597,0.014787851211466273,0.018314184961892844,0.12706176771698327,0.13491070412922307,0.00659765669434649,0.015356614719599591,0.017404163348879537,0.1388920486861563,0.018655443066772835,0.06711409395973154,0.1322943919918098,0.9270845182573086,0.0,0.0,0.0006825162097599818,0.0027300648390399273,0.0013650324195199637,0.0020475486292799456,0.06609031964509157,39.30627765086892,0.023157592886270062,0.41562885153702894,0.21033328993137157,0.5016494141735867,0.425435104083722,0.0003412581048799909,0.0010237743146399728,0.00045501080650665453,0.0036400864520532363,0.0047776134683198725,0.06267773859629167,37.63126391579678,0.024654766482393644,0.43799128032711004,0.22378321352009226,0.9270845182573086,0.00022750540325332727,0.0010237743146399728,0.0025025594357866,0.0009100216130133091,0.01945171197815948,0.0100102377431464,0.0387896712546923,38.06815487378192,0.023670487337141714,0.42334537015160445,0.22466662819178002,0.40495961779092254,0.34046183596860424,0.18166306449778183,0.0,0.0003412581048799909,0.0005687635081333182,0.0005687635081333182,0.0006825162097599818,0.0017062905243999545,0.004663860766693209,0.004436355363439882,0.059947673757251733
leaf_clean_02.png,leaf,clean,train,leaf,0.24072265625,1.778210191206847,0.7372262773722628,0.0,0.0,0.005208333333333333,0.10286458333333333,0.2387152777777778,0.3702256944444444,0.5043402777777778,0.517795138888889,0.4900173611111111,0.4631076388888889,0.44184027777777773,0.3563368055555556,0.23697916666666666,0.1150173611111111,0.009114583333333334,0.0,0.0,0.0,0.0,0.013888888888888888,0.28125,0.4236111111111111,0.5494791666666666,0.6644965277777778,0.6727430555555555,0.5494791666666666,0.4227430555555556,0.2543402777777778,0.01953125,0.0,0.0,0.0,0.2266949152542373,0.0,0.2796610169491525,0.00847457627118644,0.19703389830508475,0.01694915254237288,0.2711864406779661,0.0,0.07572684246112238,0.0625422582826234,0.030764029749830966,0.1104349785891368,0.025918413342348432,0.014198782961460446,0.019269776876267748,0.12677484787018256,0.14164976335361731,0.006648636466080685,0.012508451656524679,0.01859364435429344,0.13635339193148524,0.018255578093306288,0.06659905341446924,0.1337615505972504,0.9189767861167456,0.0,0.0,0.001352265043948614,0.0024791525805724587,0.0014649537976109985,0.0037187288708586883,0.0720081135902637,39.37704448454642,0.022227165042317826,0.4120672496005486,0.2113130848730197,0.4971827811584404,0.4210051836826685,0.0014649537976109985,0.0010141987829614604,0.0014649537976109985,0.004056795131845842,0.0074374577417173765,0.06637367590714446,37.65606828793217,0.023631354001201997,0.4299571549936765,0.225112516796119,0.9189767861167456,0.000225377507324769,0.0010141987829614604,0.002817218841559612,0.0010141987829614604,0.019382465629930134,0.011494252873563218,0.045075501464953795,41.87253301251754,0.02120363977286064,0.41139561308204425,0.17695676352303027,0.3992562542258283,0.34201036736533696,0.17771016452558036,0.0,0.000676132521974307,0.0010141987829614604,0.000225377507324769,0.001352265043948614,0.0025918413342348435,0.005747126436781609,0.005634437683119224,0.06378183457290962
leaf_clean_03.png,leaf,clean,train,leaf,0.2395290798611111,1.7565251255678767,0.7555555555555555,0.0,0.0,0.040364583333333336,0.17404513888888887,0.3059895833333333,0.44487847222222227,0.5234375,0.5052083333333334,0.4778645833333333,0.4483506944444444,0.4071180555555556,0.2890625,0.1684027777777778,0.04774305555555555,0.0,0.0,0.0,0.0,0.0,0.09852430555555557,0.35894097222222227,0.4765625,0.5946180555555556,0.6970486111111112,0.6158854166666666,0.4930555555555556,0.3624131944444444,0.13541666666666666,0.0,0.0,0.0,0.0,0.23191489361702128,0.0,0.28085106382978725,0.00425531914893617,0.19787234042553192,0.02127659574468085,0.26382978723404255,0.0,0.07701019252548132,0.06489241223103058,0.031936579841449604,0.11177802944507362,0.0289920724801812,0.017553793884484713,0.017440543601359004,0.13272933182332955,0.13001132502831256,0.006908267270668176,0.013363533408833523,0.02140430351075878,0.12366930917327293,0.02378255945639864,0.06274065685164212,0.13578708946772367,0.9232163080407702,0.0,0.0010192525481313704,0.001245753114382786,0.0040770101925254815,0.0015855039637599094,0.006568516421291053,0.0622876557191393,40.36932734392997,0.021005400623934654,0.40719315970158226,0.20231646819866,0.4921857304643262,0.4287655719139298,0.004190260475651189,0.0026047565118912795,0.0027180067950169874,0.0066817667044167615,0.007021517553793885,0.05583238958097395,38.47656070029946,0.023076461666274237,0.43331240119206604,0.21702280026230641,0.9232163080407702,0.0005662514156285391,0.0010192525481313704,0.002944507361268403,0.0022650056625141564,0.019932049830124577,0.015402038505096263,0.03465458663646659,41.645214236351066,0.020546382878709996,0.4087069722587173,0.1861370157782849,0.4016987542468856,0.3407701019252548,0.1810872027180068,0.0005662514156285391,0.0014722536806342015,0.0016987542468856172,0.0006795016987542468,0.0020385050962627408,0.0040770101925254815,0.008493771234428085,0.003850509626274066,0.0535673839184598
leaf_clean_04.png,leaf,clean,train,leaf,0.239501953125,1.7778839015066137,0.7426470588235294,0.0,0.004774305555555555,0.09809027777777778,0.23524305555555555,0.3645833333333333,0.4891493055555556,0.5190972222222222,0.4934895833333333,0.4626736111111111,0.4383680555555556,0.3615451388888889,0.23741319444444445,0.11979166666666667,0.0078125,0.0,0.0,0.0,0.0,0.0,0.004340277777777778,0.2591145833333333,0.4157986111111111,0.5381944444444444,0.6566840277777778,0.6783854166666666,0.5581597222222222,0.43012152777777773,0.2621527777777778,0.02907986111111111,0.0,0.0,0.0,0.2276595744680851,0.0,0.27872340425531916,0.00851063829787234,0.19787234042553192,0.019148936170212766,0.2680851063829787,0.0,0.0745271265148941,0.06501302525767358,0.028768829992071584,0.1235700532336618,0.03035451353494167,0.014610941216445803,0.018235360743006003,0.14531657039302298,0.12255068524181674,0.007701891493940424,0.01291199456337071,0.020274096726696115,0.11688752973156642,0.023332200702231284,0.05844376486578321,0.13750141578887756,0.9233208743912108,0.0,0.0007928417714350436,0.0015856835428700873,0.0057764186204553175,0.0020387359836901123,0.007022312832710386,0.05946313285762827,39.95235079031469,0.022373083241678162,0.41363450047842415,0.2170111813746061,0.49790463246120736,0.4232642428361083,0.004757050628610262,0.003511156416355193,0.0027183146449201497,0.008041680824555442,0.0061162079510703364,0.05368671423717295,37.45855526444591,0.024035514115139763,0.43386336669309633,0.23417619260162428,0.9234341375014158,0.0004530524408200249,0.0011326311020500622,0.003511156416355193,0.003511156416355193,0.020160833616491108,0.015403782987880848,0.03239324951863178,42.40405378170616,0.02152773856558049,0.4144370501681992,0.1822011593219968,0.40321667232982217,0.3429606977007589,0.17714350436062976,0.0009061048816400498,0.0016989466530750934,0.0033978933061501867,0.00022652622041001246,0.0028315777551251556,0.003964208857175218,0.008607996375580473,0.0033978933061501867,0.05164797825348284
leaf_clean_05.png,leaf,clean,test,leaf,0.2392578125,1.7678596975773668,0.762962962962963,0.0,0.0,0.0,0.09244791666666667,0.23220486111111113,0.3641493055555556,0.4921875,0.51953125,0.4895833333333333,0.4639756944444444,0.44097222222222227,0.3615451388888889,0.2417534722222222,0.1189236111111111,0.010850694444444446,0.0,0.0,0.0,0.0,0.07204861111111112,0.3450520833333333,0.4665798611111111,0.5859375,0.6896701388888888,0.627170138888889,0.505642361111111,0.37890625,0.15711805555555555,0.0,0.0,0.0,0.0,0.23516949152542374,0.0,0.2754237288135593,0.00847457627118644,0.19703389830508475,0.0211864406779661,0.2627118644067797,0.0,0.07165532879818594,0.06564625850340136,0.02709750566893424,0.12811791383219956,0.03106575963718821,0.014852607709750568,0.018594104308390022,0.14795918367346939,0.12120181405895691,0.007709750566893424,0.01473922902494331,0.016780045351473923,0.11156462585034013,0.02528344671201814,0.06235827664399093,0.13537414965986394,0.9246031746031746,0.0,0.0,0.0010204081632653062,0.0029478458049886623,0.0014739229024943311,0.0046485260770975055,0.0653061224489796,39.51730497680182,0.0227877251775905,0.416713247744414,0.22193838687927803,0.5005668934240363,0.42403628117913833,0.0006802721088435374,0.0013605442176870747,0.0011337868480725624,0.005555555555555556,0.006349206349206349,0.06031746031746032,37.20526785971586,0.02385061768080653,0.4328125646898881,0.23772171494406577,0.9246031746031746,0.0005668934240362812,0.0005668934240362812,0.002834467120181406,0.0009070294784580499,0.020294784580498867,0.012018140589569161,0.03820861678004535,39.77329183597014,0.022379348180664994,0.41654419320949104,0.2106140511532431,0.4062358276643991,0.3476190476190476,0.1707482993197279,0.00011337868480725624,0.0005668934240362812,0.0006802721088435374,0.0009070294784580499,0.0009070294784580499,0.003968253968253968,0.0058956916099773245,0.0045351473922902496,0.05782312925170068
leaf_clean_06.png,leaf,clean,train,leaf,0.23985460069444445,1.7544606736845896,0.7426470588235294,0.0,0.0,0.018229166666666668,0.14366319444444445,0.2760416666666667,0.4110243055555556,0.5190972222222222,0.505642361111111,0.4826388888888889,0.4600694444444444,0.4231770833333333,0.3203125,0.20095486111111113,0.07682291666666667,0.0,0.0,0.0,0.0,0.0,0.12196180555555557,0.37065972222222227,0.48784722222222227,0.6098090277777778,0.6948784722222222,0.607638888888889,0.4830729166666667,0.3541666666666667,0.1076388888888889,0.0,0.0,0.0,0.0,0.225531914893617,0.0,0.27872340425531916,0.00851063829787234,0.2,0.01702127659574468,0.2702127659574468,0.0,0.07520922868129383,0.06570911558470934,0.03064917439493327,0.12372766342456458,0.028952725627686044,0.014476362813843022,0.016512101334539696,0.13978737842117167,0.12304908391766568,0.007011988237955214,0.012101334539696902,0.020131192038000453,0.12282289074869938,0.02273241348111287,0.06435195657091156,0.13277539018321646,0.9223026464600769,0.0,0.00045238633793259444,0.0018095453517303778,0.00407147704139335,0.0015833521827640805,0.00644650531553947,0.06333408731056323,39.18573769078209,0.022829695280022204,0.4176533384410422,0.22453059460098165,0.4971725853879213,0.42501696448767246,0.0021488351051798236,0.0024881248586292692,0.0024881248586292692,0.006559601900022619,0.006220312146573173,0.05790545125537209,36.93521312983243,0.024047036940257453,0.43844302105490346,0.24293566938664465,0.9223026464600769,0.00045238633793259444,0.0010178692603483375,0.0036190907034607555,0.002261931689662972,0.01967880570006786,0.01458945939832617,0.036077810450124405,39.39636687649105,0.02304881086353154,0.4241242362114139,0.21913605175075448,0.40217145442207647,0.34471838950463696,0.17552589911784663,0.00045238633793259444,0.0015833521827640805,0.0021488351051798236,0.00045238633793259444,0.0024881248586292692,0.004410766794842796,0.00644650531553947,0.003958380456910202,0.055643519565709114
leaf_noisy_07.png,leaf,noisy,train,leaf,0.2532823350694444,1.7546878171620448,0.8226950354609929,0.0,0.018229166666666668,0.17447916666666666,0.23350694444444445,0.3506944444444444,0.5004340277777778,0.5425347222222222,0.5199652777777778,0.4739583333333333,0.4453125,0.3758680555555556,0.2565104166666667,0.13715277777777776,0.023871527777777776,0.0,0.0,0.0,0.0,0.0078125,0.040364583333333336,0.2925347222222222,0.4396701388888889,0.583767361111111,0.6892361111111112,0.6744791666666666,0.6098090277777778,0.4231770833333333,0.26171875,0.029947916666666668,0.0,0.0,0.0,0.23062730627306274,0.04059040590405904,0.2564575645756458,0.0018450184501845018,0.1900369003690037,0.042435424354243544,0.23431734317343172,0.0036900369003690036,0.17864410410195994,0.06661668630181,0.03994859162471886,0.07336403555745957,0.023669272785691337,0.012637892256613473,0.027524900931776803,0.06586698082896005,0.06982970975688123,0.02688229624076256,0.011245582092749278,0.024847381385884118,0.07261433008460962,0.041769304915925884,0.06565277926528863,0.19888615186890865,0.7862268394559281,0.09221377316054408,0.04037699475206169,0.04551783228017565,0.022705365749169967,0.0066402484738138584,0.004391132055264003,0.0019278140730427332,62.44225152185189,0.014070273839160555,0.3126085772388286,0.07981309175137177,0.43375816643461496,0.42369069294205847,0.09360608332440827,0.01970654385777016,0.008460961765020885,0.009317768019706544,0.006533147691978151,0.00492663596444254,68.35822891928044,0.014280604243789513,0.28440460072083196,0.004380883121761076,0.785155831637571,0.10388775838063617,0.0419835064795973,0.040269893970225984,0.017671629002891723,0.006426046910142444,0.003534325800578344,0.001071007818357074,65.47847569131659,0.015130651051122695,0.30296695114789457,0.04637450822505331,0.33747456356431405,0.33029881118132165,0.22319802934561422,0.040269893970225984,0.024526079040376996,0.014244403984149084,0.009317768019706544,0.006961550819320981,0.006747349255649566,0.003534325800578344,0.0025704187640569775,0.0008568062546856592
leaf_noisy_08.png,leaf,noisy,train,leaf,0.24452039930555555,1.7769124429283827,0.7445255474452555,0.0,0.0,0.0026041666666666665,0.1154513888888889,0.2534722222222222,0.3845486111111111,0.5082465277777778,0.5164930555555556,0.4973958333333333,0.4678819444444444,0.4431423611111111,0.35590277777777773,0.23654513888888887,0.11588541666666667,0.014756944444444446,0.0,0.0,0.0,0.0,0.01605902777777778,0.2947048611111111,0.4314236111111111,0.5533854166666666,0.6692708333333334,0.6814236111111112,0.5538194444444444,0.4279513888888889,0.26171875,0.022569444444444444,0.0,0.0,0.0,0.22573839662447256,0.0,0.27848101265822783,0.008438818565400843,0.20042194092827004,0.012658227848101266,0.2742616033755274,0.0,0.18548923896161526,0.05524739294430885,0.03660971821610828,0.06201464388728644,0.024628355890836475,0.011204792544930108,0.03006434435322831,0.06711781672953183,0.07133348125138674,0.025959618371422234,0.013312624805857555,0.021633015309518527,0.06001775016640781,0.040714444197914354,0.05513645440426004,0.23951630796538717,0.8882848901708453,0.02174395384956734,0.0032172176614155756,0.007432882183270468,0.007211005103172842,0.004326603061903705,0.011204792544930108,0.05657865542489461,63.96815861466001,0.02171794742074251,0.32652442703842993,0.08497268590082979,0.414577324162414,0.4091413357000222,0.09707122254271133,0.00898602174395385,0.0061016197026847125,0.010206345684490793,0.011204792544930108,0.04271133791879299,61.601319908621704,0.01933981805610132,0.32506925309510126,0.09819834771574826,0.8703128466829376,0.041491013978256046,0.0013312624805857556,0.009873530064344353,0.013756378966052807,0.01686265808741957,0.011093854004881295,0.03527845573552252,64.48774572016809,0.021904559109248753,0.32391894972062496,0.08127750268713263,0.3324828045262924,0.349345462613712,0.22753494564011537,0.006434435322831151,0.005768804082538274,0.006989128023075216,0.002773463501220324,0.0039937874417572666,0.0059906811626359,0.007654759263368094,0.01087197692478367,0.04015975149767029
leaf_noisy_09.png,leaf,noisy,test,leaf,0.2589518229166667,1.7909870780761978,0.7333333333333333,0.055989583333333336,0.0876736111111111,0.20052083333333334,0.3298611111111111,0.46875,0.53125,0.517361111111111,0.4865451388888889,0.4618055555555556,0.4244791666666667,0.3159722222222222,0.1953125,0.06770833333333333,0.0,0.0,0.0,0.0,0.0,0.0,0.03428819444444444,0.3194444444444445,0.4444444444444444,0.5672743055555556,0.7100694444444445,0.6875,0.583767361111111,0.4904513888888889,0.2608506944444445,0.04513888888888889,0.0,0.0,0.0,0.14012738853503184,0.1035031847133758,0.267515923566879,0.011146496815286623,0.15764331210191082,0.10668789808917198,0.1910828025477707,0.022292993630573247,0.1835323695788812,0.056882463859208046,0.04305468258956631,0.06777707940498638,0.02702702702702703,0.013513513513513514,0.032160067043787974,0.06871988267337105,0.06882463859208045,0.030798240100565682,0.012151686570291222,0.0251414204902577,0.06526293735596062,0.04776869893148963,0.05887282631468678,0.19851246595432642,0.810077519379845,0.04452126545149801,0.007647182065786717,0.036455059710873663,0.019903624554787346,0.012465954326419443,0.016656191074795726,0.052273203435994134,66.1964964911341,0.01349556544425213,0.2860968611440701,0.015386648734338013,0.4240519589356799,0.39472030169704586,0.08988057825267128,0.01937984496124031,0.010370835952231301,0.013304001676094699,0.011627906976744186,0.03666457154829248,67.39960893555471,0.013466155062872066,0.28285487462276715,-0.0011627116064458552,0.7648229624973811,0.09092813743976534,0.010894615545778337,0.03760737481667714,0.02933165723863398,0.024198617221873036,0.016027655562539284,0.02618897967735177,67.72614774736165,0.013994539651646836,0.28206285107902934,0.0036820946072978764,0.3261051749423842,0.32935260842237585,0.21034988476848943,0.024303373140582445,0.018227529855436832,0.013408757594804106,0.008904253090299602,0.007123402472239681,0.010370835952231301,0.006809134716111461,0.009951812277393673,0.035093232767651375
leaf_noisy_10.png,leaf,noisy,test,leaf,0.2411838107638889,1.7216097451986094,0.7445255474452555,0.0,0.0,0.06076388888888889,0.20008680555555555,0.35503472222222227,0.4743923611111111,0.5230034722222222,0.5030381944444444,0.4696180555555556,0.4435763888888889,0.38715277777777773,0.2651909722222222,0.14713541666666666,0.029947916666666668,0.0,0.0,0.0,0.0,0.0,0.0030381944444444445,0.22526041666666666,0.4079861111111111,0.525173611111111,0.6419270833333334,0.6848958333333334,0.572048611111111,0.4405381944444444,0.3055555555555555,0.05251736111111111,0.0,0.0,0.0,0.21106557377049182,0.018442622950819672,0.26844262295081966,0.010245901639344262,0.19057377049180327,0.0389344262295082,0.26229508196721313,0.0,0.1652232594758745,0.06602181981779327,0.03767855134405579,0.07625688898886515,0.020132718479361152,0.011922168484984817,0.02541896299628838,0.07085817118434372,0.06455966707906872,0.028118321898549094,0.011584748622202226,0.025756382859070972,0.0653469800922281,0.037341131481273195,0.05961084242492408,0.23416938477111687,0.8617703295467326,0.07524462940051738,0.03329209312788213,0.016983466426723652,0.005961084242492408,0.0022494657518839275,0.0024744123270723202,0.0020245191766955347,59.055263007269176,0.022660478623150942,0.35467340614155335,0.1512569196871267,0.4113148127319762,0.4565290743448431,0.09852659993251603,0.00899786300753571,0.007198290406028568,0.00652345068046339,0.004611404791362052,0.006298504105274997,61.074036975559494,0.020138280550087824,0.32823369321423235,0.11053902318041804,0.87054324597908,0.07468226296254639,0.034079406141041504,0.011359802047013834,0.004161511640985266,0.0025868856146665166,0.002136992464289731,0.0004498931503767855,61.398488924503454,0.02122114240837137,0.34108782878064836,0.1224159313116213,0.34383084017545834,0.3446181531886177,0.24564166010572488,0.02823079518614329,0.009335282870318299,0.005961084242492408,0.00652345068046339,0.004611404791362052,0.004386458216173659,0.0031492520526374985,0.0019120458891013384,0.001799572601507142
leaf_noisy_11.png,leaf,noisy,train,leaf,0.2563205295138889,1.7438686345738745,0.6477987421383647,0.017361111111111112,0.06901041666666667,0.15928819444444445,0.20616319444444445,0.3233506944444445,0.4700520833333333,0.53125,0.502170138888889,0.4830729166666667,0.4474826388888889,0.39800347222222227,0.2877604166666667,0.16927083333333334,0.03689236111111111,0.0,0.0,0.0,0.0,0.0,0.018663194444444444,0.2894965277777778,0.4275173611111111,0.591579861111111,0.6957465277777778,0.7209201388888888,0.6145833333333334,0.4592013888888889,0.2591145833333333,0.024305555555555556,0.0,0.0,0.0,0.17454545454545456,0.06909090909090909,0.25272727272727274,0.0036363636363636364,0.17454545454545456,0.07272727272727272,0.24727272727272728,0.005454545454545455,0.1868980844533813,0.06074716901259392,0.045084135887395495,0.06709704730659329,0.023071224468197694,0.013440575722298656,0.03217271668959678,0.06773203513599323,0.06476875859879352,0.0310085723356969,0.013228913112498677,0.027939464493597205,0.06085300031749392,0.04751825590009525,0.05587892898719441,0.20256111757857975,0.8260133347444174,0.0379934384590962,0.004444914805799556,0.031961054079796804,0.02180124880939782,0.012382262673298762,0.013546407027198646,0.051857339400994816,67.97272285775955,0.013776196862204711,0.28569917043199744,0.0023544044388578173,0.430310085723357,0.3940099481426606,0.0859350195787914,0.019261297491798075,0.011429780929198857,0.012911419197798708,0.010053973965498994,0.03608847497089639,68.24147420677745,0.014164871547871018,0.2870466205946727,0.002848629086729389,0.7671711292200233,0.09757646311779024,0.006561540903799344,0.03238437929939676,0.028786114932797122,0.027092814054397292,0.015874695734998414,0.024552862736797545,68.3624001726743,0.014623096143508065,0.2823585860936794,0.0019251842689945833,0.3317811408614668,0.329770346068367,0.20827600804317917,0.022965393163297702,0.015874695734998414,0.014075563551698592,0.008783998306699122,0.00730236003809927,0.010371467880198963,0.007725685257699228,0.009524817440999048,0.03354852365329664
leaf_noisy_12.png,leaf,noisy,train,leaf,0.24400499131944445,1.7781721813210494,0.7555555555555555,0.0,0.0,0.08984375,0.22916666666666666,0.3671875,0.4913194444444444,0.5225694444444444,0.49956597222222227,0.4696180555555556,0.4474826388888889,0.37543402777777773,0.2556423611111111,0.1384548611111111,0.017795138888888888,0.0,0.0,0.0,0.0,0.0,0.0,0.21397569444444445,0.4014756944444444,0.5234375,0.6432291666666666,0.6901041666666666,0.5868055555555556,0.4639756944444444,0.3177083333333333,0.06336805555555555,0.0,0.0,0.0,0.2276595744680851,0.0,0.2765957446808511,0.00851063829787234,0.20212765957446807,0.01702127659574468,0.2680851063829787,0.0,0.181100611450806,0.05336297943301834,0.03813229571984436,0.06359088382434686,0.026570316842690383,0.012784880489160644,0.028904947192884937,0.06492495831017232,0.0707059477487493,0.028349082823790995,0.013451917732073375,0.02668148971650917,0.05680933852140078,0.04635908838243469,0.0538076709282935,0.23446359088382435,0.8928293496386882,0.019455252918287938,0.0017787659811006114,0.009116175653140634,0.007226236798221234,0.005669816564758199,0.011895497498610338,0.05202890494719289,63.8484754288298,0.02184999245140569,0.32782986544325454,0.09058083884142455,0.4170094496942746,0.4121178432462479,0.09749861033907727,0.007337409672040022,0.006559199555308505,0.011450806003335185,0.009449694274596998,0.03857698721511951,62.44736767739565,0.019052628011529,0.3231635216781598,0.08944075114755802,0.8830461367426348,0.02990550305725403,0.0020011117287381877,0.011117287381878822,0.017231795441912175,0.016453585325180656,0.012673707615341857,0.027570872707059477,62.63647667222426,0.022119963513153686,0.329047382991628,0.0984456945584191,0.3440800444691495,0.3387437465258477,0.23179544191217344,0.005892162312395775,0.0053362979433018345,0.0048916064480266815,0.004113396331295164,0.004335742078932741,0.007559755419677599,0.007893274041133963,0.008560311284046693,0.0367982212340189
car_clean_01.png,car,clean,train,car,0.21468098958333334,1.7732419427243247,1.2105263157894737,0.0,0.0,0.0,0.0,0.09809027777777778,0.2786458333333333,0.35546875,0.536892361111111,0.5985243055555556,0.5933159722222222,0.5902777777777778,0.3185763888888889,0.06510416666666667,0.0,0.0,0.0,0.0,0.0,0.0,0.1423611111111111,0.2582465277777778,0.3346354166666667,0.4140625,0.4088541666666667,0.4092881944444444,0.4388020833333333,0.4696180555555556,0.35590277777777773,0.203125,0.0,0.0,0.0,0.24778761061946902,0.015486725663716814,0.21460176991150443,0.05088495575221239,0.1902654867256637,0.05530973451327434,0.2079646017699115,0.017699115044247787,0.1161233257518322,0.09072529694212787,0.041066464493303007,0.08680818802122821,0.014278493808440738,0.006191559262067222,0.009097801364670205,0.0785948951225676,0.08668182966894111,0.008339651250947688,0.011624968410411928,0.020722769775082132,0.0759413697245388,0.025903462218852667,0.08301743745261561,0.244882486732373,0.21872630780894617,0.2505686125852919,0.24614607025524388,0.18498862774829417,0.017437452615617893,0.0006317917614354309,0.0035380338640384128,0.07796310336113217,44.31789656615068,0.04068507548137777,0.49339208070381435,0.3703575768617243,0.7451352034369472,0.1470811220621683,0.00530705079605762,0.002148091988880465,0.0006317917614354309,0.00012635835228708617,0.017690169320192066,0.08188021228203184,48.60493032536286,0.025019144666200678,0.44172920407312,0.29135465572009644,0.7447561283800859,0.14682840535759414,0.0032853171594642407,0.004801617386909275,0.0006317917614354309,0.00012635835228708617,0.01781652767247915,0.08175385392974475,47.312650854439546,0.02437866726124637,0.44416559921982635,0.30399626101704474,0.42532221379833207,0.37793783169067474,0.08895628001010866,0.00265352539802881,0.0037907505686125853,0.0010108668182966893,0.0006317917614354309,0.00012635835228708617,0.00025271670457417233,0.017437452615617893,0.0010108668182966893,0.08086934546373516
car_clean_02.png,car,clean,train,car,0.220703125,1.7828788248904577,1.2526315789473683,0.0,0.0,0.0,0.0,0.09809027777777778,0.2782118055555555,0.3563368055555556,0.595920138888889,0.6171875,0.615017361111111,0.599392361111111,0.3029513888888889,0.06814236111111112,0.0,0.0,0.0,0.0,0.0,0.0,0.20876736111111113,0.26953125,0.3407118055555556,0.4157986111111111,0.40277777777777773,0.4045138888888889,0.4366319444444444,0.4696180555555556,0.35503472222222227,0.22786458333333334,0.0,0.0,0.0,0.24242424242424243,0.025974025974025976,0.21212121212121213,0.030303030303030304,0.19047619047619047,0.045454545454545456,0.2077922077922078,0.045454545454545456,0.11529006882989185,0.0880039331366765,0.04559980334316618,0.08357915437561456,0.01352015732546706,0.00688298918387414,0.009095378564405112,0.07878564405113078,0.09242871189773845,0.007497541789577187,0.010570304818092428,0.022738446411012782,0.0700589970501475,0.02261553588987217,0.09242871189773845,0.24090462143559488,0.21238938053097345,0.25196656833824976,0.23832350049164208,0.20058997050147492,0.01683874139626352,0.0007374631268436578,0.004547689282202556,0.07460668633235006,43.70873512836568,0.03829968105115689,0.483528916250034,0.3683654633208002,0.7518436578171092,0.14331366764995085,0.0031956735496558504,0.004056047197640118,0.0007374631268436578,0.00012291052114060964,0.01683874139626352,0.07989183874139626,45.689824671258606,0.022831682585028518,0.4435402406766684,0.31265335071662914,0.7514749262536873,0.14257620452310718,0.003687315634218289,0.0043018682399213375,0.0008603736479842675,0.0003687315634218289,0.01683874139626352,0.07989183874139626,45.47113337507827,0.02434209375829524,0.45058073179864044,0.32487290811186237,0.40093411996066863,0.3812684365781711,0.11295476892822026,0.003072763028515241,0.0031956735496558504,0.001352015732546706,0.0003687315634218289,0.00012291052114060964,0.0,0.01683874139626352,0.0007374631268436578,0.0791543756145526
car_clean_03.png,car,clean,test,car,0.22216796875,1.7884504899641183,1.2526315789473683,0.0,0.0,0.0,0.0,0.09809027777777778,0.2782118055555555,0.3546006944444444,0.5963541666666666,0.6163194444444444,0.6171875,0.6102430555555556,0.3172743055555555,0.06640625,0.0,0.0,0.0,0.0,0.0,0.008680555555555556,0.2465277777777778,0.2721354166666667,0.33984375,0.41362847222222227,0.4084201388888889,0.41015625,0.4375,0.46918402777777773,0.35503472222222227,0.19357638888888887,0.0,0.0,0.0,0.24347826086956523,0.02608695652173913,0.21739130434782608,0.03695652173913044,0.19130434782608696,0.0391304347826087,0.20869565217391303,0.03695652173913044,0.11514041514041513,0.08339438339438339,0.04383394383394383,0.08388278388278388,0.01916971916971917,0.004395604395604396,0.00989010989010989,0.07081807081807082,0.09084249084249084,0.010500610500610501,0.012698412698412698,0.023565323565323565,0.07252747252747253,0.0221001221001221,0.0960927960927961,0.24114774114774115,0.21135531135531135,0.24810744810744811,0.2371184371184371,0.20354090354090354,0.020879120879120878,0.0007326007326007326,0.004151404151404151,0.07411477411477412,42.42984638348156,0.038738069902315195,0.49262670061382674,0.3830773410067287,0.7538461538461538,0.14188034188034188,0.003540903540903541,0.004273504273504274,0.0006105006105006105,0.0001221001221001221,0.016727716727716727,0.078998778998779,44.47938304620934,0.023890099532309146,0.44690457509818166,0.32712115023011556,0.7534798534798535,0.142002442002442,0.0032967032967032967,0.004395604395604396,0.0009768009768009768,0.0001221001221001221,0.016727716727716727,0.078998778998779,43.95562534983519,0.02429428148745682,0.45400708096693543,0.3316528248619207,0.3989010989010989,0.37777777777777777,0.11965811965811966,0.0029304029304029304,0.0029304029304029304,0.0017094017094017094,0.0002442002442002442,0.0001221001221001221,0.0,0.016727716727716727,0.0007326007326007326,0.07826617826617827
car_clean_04.png,car,clean,train,car,0.2189670138888889,1.7807904538946395,1.2736842105263158,0.0,0.0,0.0,0.0,0.09765625,0.2777777777777778,0.3498263888888889,0.5403645833333334,0.6254340277777778,0.627170138888889,0.6119791666666666,0.3064236111111111,0.06684027777777778,0.0,0.0,0.0,0.0,0.0,0.02560763888888889,0.22135416666666666,0.2504340277777778,0.3328993055555555,0.4092881944444444,0.4045138888888889,0.4049479166666667,0.4361979166666667,0.4696180555555556,0.35503472222222227,0.19357638888888887,0.0,0.0,0.0,0.2521551724137931,0.03017241379310345,0.20905172413793102,0.032327586206896554,0.1939655172413793,0.03879310344827586,0.20689655172413793,0.036637931034482756,0.11769078295341923,0.07953419226957384,0.04360753221010902,0.07433102081268583,0.016600594648166503,0.005574826560951437,0.012512388503468782,0.07433102081268583,0.09204658077304262,0.009539147670961349,0.011769078295341923,0.02155599603567889,0.07581764122893954,0.024405351833498512,0.10009910802775025,0.24058473736372646,0.2143211100099108,0.2475222993062438,0.24306243805748265,0.19611000991080277,0.01709613478691774,0.0006194251734390486,0.00433597621407334,0.07693260654112984,43.923317338047724,0.039162094344045176,0.4864532289787215,0.36348150129645085,0.7483894945490585,0.14457383548067393,0.0053270564915758175,0.0018582755203171457,0.0006194251734390486,0.0002477700693756194,0.017467789890981168,0.0815163528245788,47.51341709811845,0.02310383772519592,0.4401823284928791,0.2908947541140419,0.7482656095143707,0.14333498513379583,0.00408820614469772,0.0044598612487611496,0.0006194251734390486,0.0002477700693756194,0.017467789890981168,0.0815163528245788,46.07579871195857,0.02404331315502025,0.44568305895217436,0.30170290299376573,0.41055500495540137,0.3684340931615461,0.11397423191278494,0.0027254707631318136,0.00433597621407334,0.00037165510406342913,0.00037165510406342913,0.0002477700693756194,0.0001238850346878097,0.01722001982160555,0.000867195242814668,0.08077304261645193
car_clean_05.png,car,clean,test,car,0.2138400607638889,1.7739874523577588,1.2,0.0,0.0,0.0,0.0,0.09678819444444443,0.2786458333333333,0.3463541666666667,0.5460069444444444,0.5928819444444444,0.5924479166666666,0.5807291666666666,0.3194444444444445,0.06814236111111112,0.0,0.0,0.0,0.0,0.0,0.0,0.1662326388888889,0.2630208333333333,0.33550347222222227,0.4075520833333333,0.4088541666666667,0.4092881944444444,0.4383680555555556,0.4704861111111111,0.35546875,0.16666666666666666,0.0,0.0,0.0,0.24776785714285715,0.024553571428571428,0.22098214285714285,0.022321428571428572,0.18526785714285715,0.04241071428571429,0.21651785714285715,0.04017857142857143,0.10452873271597107,0.08537358873525308,0.0372954458962324,0.08029937840923507,0.014461499429151339,0.0039325130026639605,0.010655841684637828,0.0783965495369783,0.09932766713180262,0.008626157554230622,0.01129011797539008,0.01775973614106305,0.08296333883039451,0.021057972852974755,0.10554357478117468,0.23848788532284662,0.21907903082582772,0.26195610808067993,0.24229354306736015,0.17708994037802867,0.017379170366611695,0.0005074210326018013,0.004313078777115311,0.07738170747177471,42.83614979482374,0.041420466994800106,0.49633977698858633,0.38088667188254943,0.7446403653431435,0.1476595204871242,0.005074210326018014,0.002663960421159457,0.00025371051630090067,0.00012685525815045033,0.017379170366611695,0.08220220728149182,46.359526963714494,0.023527928839591965,0.4475314334227385,0.30407827628589224,0.7441329443105417,0.1476595204871242,0.003171381453761258,0.004313078777115311,0.0008879868070531524,0.00025371051630090067,0.017632880882912597,0.08194849676519092,44.95305179488837,0.023871366985413475,0.45007920593521106,0.31528543686515065,0.4160852467334771,0.3876696689077762,0.08854497018901433,0.002663960421159457,0.0036788024863630597,0.0013954078396549536,0.00012685525815045033,0.00025371051630090067,0.00012685525815045033,0.017252315108461244,0.000761131548902702,0.08144107573258912
car_clean_06.png,car,clean,train,car,0.2231987847222222,1.7900015881538058,1.2526315789473683,0.0,0.0,0.0,0.0,0.09852430555555557,0.2782118055555555,0.3572048611111111,0.5824652777777778,0.6167534722222222,0.6167534722222222,0.6098090277777778,0.34331597222222227,0.06814236111111112,0.0,0.0,0.0,0.0,0.0,0.0078125,0.2456597222222222,0.2712673611111111,0.33940972222222227,0.4162326388888889,0.4157986111111111,0.4153645833333333,0.4401041666666667,0.4704861111111111,0.35546875,0.19357638888888887,0.0,0.0,0.0,0.2555066079295154,0.019823788546255508,0.21585903083700442,0.024229074889867842,0.19823788546255505,0.039647577092511016,0.2092511013215859,0.037444933920704845,0.1118133203694701,0.09188138065143413,0.04290228488089451,0.09394749635391346,0.015799708313077296,0.006076810889645114,0.009601361205639281,0.07596013612056393,0.09127369956246961,0.009115216334467671,0.0106951871657754,0.018230432668935342,0.07267865824015557,0.019810403500243073,0.08957219251336898,0.24064171122994651,0.20977151191054935,0.245017015070491,0.24064171122994651,0.20393777345649003,0.020053475935828877,0.0004861448711716091,0.004982984929508993,0.07510938259601362,42.242319235172175,0.03971294214387193,0.5009540294865625,0.39676879193026116,0.7527953330092367,0.14183276616431698,0.0031599416626154593,0.0036460865337870686,0.0010938259601361207,0.0,0.01665046183762761,0.08082158483228002,46.36910986665017,0.024536399849908734,0.44808915666562393,0.31694548423730085,0.7521876519202723,0.14158969372873118,0.003767622751579971,0.003889158969372873,0.0010938259601361207,0.0,0.016771998055420515,0.08070004861448711,46.00160886111197,0.025237119299895666,0.4551264951457551,0.31134815377404373,0.3850267379679144,0.3867282450170151,0.1228731161886242,0.002916869227029655,0.0032814778804083618,0.0012153621779290229,0.0004861448711716091,0.0,0.0,0.01689353427321342,0.000850753524550316,0.0797277588721439
car_noisy_07.png,car,noisy,train,car,0.2270779079861111,1.7962024894551547,1.2872340425531914,0.0,0.0,0.0,0.0,0.0959201388888889,0.2738715277777778,0.35546875,0.5963541666666666,0.6276041666666666,0.625,0.625,0.3810763888888889,0.05295138888888889,0.0,0.0,0.0,0.0,0.0,0.026475694444444444,0.2552083333333333,0.2699652777777778,0.3324652777777778,0.41362847222222227,0.4244791666666667,0.4166666666666667,0.4401041666666667,0.4631076388888889,0.3524305555555556,0.2387152777777778,0.0,0.0,0.0,0.2577092511013216,0.022026431718061675,0.2092511013215859,0.030837004405286344,0.2026431718061674,0.03303964757709251,0.21365638766519823,0.030837004405286344,0.1754867996655119,0.0631943614860829,0.033926651535061525,0.07119818420738264,0.020786047067256,0.013260064508421933,0.020905507107872416,0.08063552741607932,0.08959503046231036,0.02317524787958428,0.013379524549038346,0.021980647473420142,0.06952574363875284,0.03762991279417035,0.06391112172978139,0.20140962847927368,0.1961533866921515,0.3312626926293155,0.2743997132959025,0.19436148608290527,0.0014335204873969656,0.0007167602436984828,0.0007167602436984828,0.0009556803249313105,56.67009368536318,0.022727263979797713,0.3585526071294565,0.16874946716970254,0.7310954485724526,0.22207621550591328,0.03559909210369132,0.0059730020308206904,0.0017919006092462072,0.0010751403655477243,0.0008362202843148966,0.0015529805280133796,64.65354666017762,0.01660984719599776,0.3152967114150804,0.050269409540053225,0.7251224465416318,0.1678413570660614,0.09329829172141918,0.008242742802532553,0.002389200812328276,0.001911360649862621,0.00047784016246565523,0.0007167602436984828,63.88623920184937,0.016797682231608345,0.31281434633994254,0.06391909265300295,0.37844940867279897,0.3736710070481424,0.20594911002269742,0.0285509497073229,0.005734081949587863,0.0028670409747939313,0.0009556803249313105,0.0010751403655477243,0.0008362202843148966,0.0003583801218492414,0.000597300203082069,0.0009556803249313105
car_noisy_08.png,car,noisy,train,car,0.21763780381944445,1.7750976459423744,1.2580645161290323,0.0,0.0,0.0,0.0,0.0920138888888889,0.2764756944444445,0.34722222222222227,0.592013888888889,0.6046006944444444,0.6002604166666666,0.5972222222222222,0.3111979166666667,0.061197916666666664,0.0,0.0,0.0,0.0,0.0,0.0,0.2300347222222222,0.2721354166666667,0.3381076388888889,0.41449652777777773,0.4071180555555556,0.40581597222222227,0.43793402777777773,0.4661458333333333,0.3450520833333333,0.16536458333333334,0.0,0.0,0.0,0.2611607142857143,0.022321428571428572,0.21428571428571427,0.033482142857142856,0.19419642857142858,0.03794642857142857,0.20535714285714285,0.03125,0.18048111678923096,0.052349495201296274,0.03826498815904275,0.048859528854543186,0.02193693132244796,0.00934812414308862,0.02480368939299514,0.07391250155802069,0.09909011591673937,0.022186214632930325,0.014956998628941792,0.021438364701483234,0.04512027919730774,0.03165898043126013,0.04861024554406083,0.266982425526611,0.22971457060949768,0.33304250280443726,0.3224479621089368,0.03564751339897794,0.008974199177365076,0.00548423283061199,0.01720054842328306,0.04748847064689019,60.33547157827883,0.031142431461403417,0.35998997632690866,0.13215143145948152,0.6758070547176867,0.1951888321076904,0.027670447463542316,0.011840957247912252,0.008101707590676804,0.005110307864888446,0.00623208276205908,0.07004861024554405,61.63220069863449,0.026476288147043406,0.34820919505144654,0.10935946794279405,0.6740620715443101,0.17985790851302505,0.04000997133241929,0.014333790352735885,0.006855291038264988,0.007229216003988533,0.009597407453570983,0.06805434376168515,61.39574468085107,0.02767218363161457,0.35397211376887466,0.11755121131819249,0.41094353733017575,0.37504674062071547,0.08986663342889194,0.020316589804312602,0.008101707590676804,0.007977065935435623,0.005858157796335535,0.0029913997257883583,0.004487099588682538,0.0038638913124766296,0.009472765798329803,0.061074411068178985
car_noisy_09.png,car,noisy,train,car,0.2096625434027778,1.7613706401339249,1.2473118279569892,0.0,0.0,0.0,0.0,0.0954861111111111,0.2725694444444445,0.3220486111111111,0.5169270833333334,0.5963541666666666,0.5985243055555556,0.5889756944444444,0.3025173611111111,0.061197916666666664,0.0,0.0,0.0,0.0,0.0,0.0,0.1349826388888889,0.24782986111111113,0.3268229166666667,0.40972222222222227,0.40668402777777773,0.3971354166666667,0.43402777777777773,0.4383680555555556,0.35112847222222227,0.20789930555555555,0.0,0.0,0.0,0.19958847736625515,0.08641975308641975,0.1934156378600823,0.04526748971193416,0.17901234567901234,0.09876543209876543,0.1646090534979424,0.03292181069958848,0.19265105447017725,0.06029240522706689,0.04567214387372234,0.0535644973476517,0.025876568766981498,0.010221244662957691,0.024453357484797517,0.07232500970371329,0.08875663087074653,0.024970888860137146,0.014102729978004916,0.022771380514943717,0.05731659981886402,0.032216328114891966,0.053305731659981884,0.22150342864536163,0.22473799974123432,0.2693750808642774,0.33406650278173117,0.08823909949540691,0.008021736317764264,0.005951610816405745,0.018760512356061586,0.05084745762711865,63.960778482685704,0.02101064557351296,0.3260129095725844,0.07889742164261833,0.7545607452451805,0.11631517660758184,0.024841506016302237,0.011126924569802044,0.006210376504075559,0.005045930909561392,0.006080993660240652,0.07581834648725579,64.49140893470789,0.016674058661783182,0.31116422141278405,0.05041882937881427,0.7479622202096002,0.11126924569802044,0.032345710958726875,0.012032604476646397,0.007633587786259542,0.006857290723250097,0.00776297063009445,0.07413636951740199,64.5528350515464,0.0172023694790103,0.3100259661458611,0.03827032184086903,0.4287747444688834,0.37624530987191096,0.0706430327338595,0.016690386854703067,0.007374822098589727,0.008409884849268986,0.0041402510027170394,0.004657782378056669,0.0023288911890283347,0.005045930909561392,0.006857290723250097,0.06883167292017078
car_noisy_10.png,car,noisy,test,car,0.2175564236111111,1.778620992447486,1.2446808510638299,0.0,0.0,0.0,0.0,0.09418402777777778,0.2743055555555555,0.3563368055555556,0.5789930555555556,0.609375,0.609375,0.6085069444444444,0.2986111111111111,0.05121527777777778,0.0,0.0,0.0,0.0,0.0,0.0,0.1792534722222222,0.26171875,0.3324652777777778,0.4131944444444444,0.4079861111111111,0.4014756944444444,0.4309895833333333,0.46050347222222227,0.3515625,0.2417534722222222,0.0,0.0,0.0,0.25333333333333335,0.013333333333333334,0.21333333333333335,0.03777777777777778,0.19555555555555557,0.04888888888888889,0.20444444444444446,0.03333333333333333,0.16895261845386533,0.0614713216957606,0.03192019950124688,0.058104738154613464,0.017331670822942645,0.00997506234413965,0.01945137157107232,0.08216957605985037,0.09251870324189526,0.022693266832917707,0.011970074812967581,0.019326683291770574,0.06209476309226933,0.03054862842892768,0.06408977556109725,0.24738154613466334,0.22830423940149627,0.4234413965087282,0.3265586034912718,0.01907730673316708,0.0006234413965087282,0.0008728179551122195,0.00024937655860349125,0.0008728179551122195,51.85251889968871,0.037312217652465986,0.4068284071595488,0.24139737049048607,0.6507481296758105,0.3013715710723192,0.035910224438902745,0.007107231920199501,0.0022443890274314216,0.0007481296758104738,0.0008728179551122195,0.000997506234413965,59.67546534527666,0.025644601833840854,0.36396749431102393,0.1448996892053435,0.6481296758104739,0.27331670822942644,0.06209476309226933,0.01059850374064838,0.003366583541147132,0.001371571072319202,0.0007481296758104738,0.0003740648379052369,58.5435804586748,0.029496155791295386,0.37138034057225977,0.16364032678802767,0.4048628428927681,0.3816708229426434,0.17057356608478802,0.028678304239401497,0.007356608478802993,0.0024937655860349127,0.001745635910224439,0.0004987531172069825,0.0003740648379052369,0.0006234413965087282,0.0003740648379052369,0.0007481296758104738
car_noisy_11.png,car,noisy,train,car,0.21826171875,1.7792755051451168,1.2526315789473683,0.0,0.0,0.0,0.0,0.0954861111111111,0.2777777777777778,0.35590277777777773,0.5733506944444444,0.6137152777777778,0.615017361111111,0.5933159722222222,0.3033854166666667,0.06423611111111112,0.0,0.0,0.0,0.0,0.0,0.002170138888888889,0.23177083333333334,0.2582465277777778,0.33550347222222227,0.4157986111111111,0.4045138888888889,0.40234375,0.4344618055555556,0.46831597222222227,0.35590277777777773,0.1831597222222222,0.0,0.0,0.0,0.25,0.030434782608695653,0.20869565217391303,0.041304347826086954,0.1826086956521739,0.041304347826086954,0.2108695652173913,0.034782608695652174,0.1902808849117574,0.059159830971911506,0.04225702212279393,0.056176982351479,0.026348496147153865,0.01081282624906786,0.02473278647775292,0.07469550086999752,0.09308973402933135,0.02647278150633855,0.013671389510315685,0.021377081779766344,0.05207556549838429,0.037907034551329856,0.05555555555555555,0.21538652746706438,0.21575938354461843,0.25727069351230425,0.3022619935371613,0.141436738752175,0.007581406910265971,0.004847129008202834,0.018021377081779765,0.05282127765349242,64.07317922735908,0.0202736984711867,0.32099958723810845,0.06612614228753332,0.7510564255530698,0.11968680089485459,0.02535421327367636,0.010937111608252548,0.007581406910265971,0.005344270444941586,0.00571712652249565,0.07432264479244345,65.10823305889804,0.016424720875358623,0.3083951842173026,0.03497596145202525,0.7505592841163311,0.10514541387024609,0.035669898086005465,0.013174248073576932,0.00820283370618941,0.006214267959234402,0.006214267959234402,0.0748197862291822,65.55199493350221,0.01624558055157925,0.3067170795392772,0.0270429451575598,0.41188168033805617,0.3718617946805866,0.09134973900074571,0.016902808849117573,0.0083271190653741,0.008078548347004723,0.00571712652249565,0.004598558289833458,0.003107133979617201,0.003977131493910017,0.00571712652249565,0.0684812329107631
car_noisy_12.png,car,noisy,test,car,0.21861436631944445,1.781498252839521,1.2446808510638299,0.0,0.0,0.0,0.0,0.0920138888888889,0.2769097222222222,0.3515625,0.5768229166666666,0.6041666666666666,0.6080729166666666,0.5933159722222222,0.33550347222222227,0.05946180555555555,0.0,0.0,0.0,0.0,0.0,0.0,0.23263888888888887,0.2712673611111111,0.3359375,0.4118923611111111,0.4118923611111111,0.4110243055555556,0.4388020833333333,0.4661458333333333,0.35112847222222227,0.16710069444444445,0.0,0.0,0.0,0.25669642857142855,0.022321428571428572,0.21651785714285715,0.03794642857142857,0.1875,0.04017857142857143,0.20982142857142858,0.029017857142857144,0.17868221863754807,0.0523638168507259,0.04280928154857923,0.04591140339992555,0.023079786574016627,0.010423129420523638,0.022583447077801216,0.0765603672912272,0.09058195805931257,0.02233527732969351,0.011043553790792903,0.02407246556644745,0.05298424122099516,0.033502915994540264,0.046779997518302516,0.26628613971956816,0.22719940439260455,0.34086114902593373,0.3089713363940936,0.04380196054101005,0.007569177317285023,0.004467055465938702,0.019357240352401044,0.047772676510733345,60.9780348282292,0.031164484058454206,0.3615930403642549,0.11932257099474028,0.6748976299789056,0.1949373371386028,0.03251023700210944,0.00918228067998511,0.005583819332423377,0.006080158828638789,0.006204243702692642,0.07060429333664227,62.89526247590153,0.0273307379115458,0.3492648340934584,0.10006360349756395,0.6734086114902593,0.17483558754187864,0.048393100881002606,0.012532572279439136,0.0065764983248542,0.005459734458369525,0.008934110931877404,0.06985978409231915,61.93568471287255,0.026719749308697235,0.3518960169405793,0.10806716686440386,0.4014145675642139,0.3796997146047897,0.09455267402903586,0.021590768085370395,0.011043553790792903,0.005583819332423377,0.002109442858915498,0.004839310088100261,0.002978036977292468,0.005956073954584936,0.006452413450800347,0.06377962526368036
traffic_sign_clean_01.png,traffic_sign,clean,test,traffic_sign,0.8069661458333334,1.9237025467962816,1.0,0.46918402777777773,0.7986111111111112,0.8033854166666666,0.8615451388888888,0.9118923611111112,0.87109375,0.8185763888888888,0.8489583333333334,0.8411458333333334,0.8506944444444445,0.9318576388888888,0.9053819444444445,0.9118923611111112,0.8524305555555555,0.8059895833333334,0.4288194444444444,0.4756944444444444,0.8190104166666666,0.8546006944444445,0.8090277777777778,0.7834201388888888,0.7816840277777778,0.8190104166666666,0.8402777777777778,0.8502604166666666,0.8611111111111112,0.8845486111111112,0.8888888888888888,0.9513888888888888,0.9114583333333334,0.8888888888888888,0.4921875,0.06507936507936508,0.14814814814814814,0.05343915343915344,0.19206349206349208,0.07936507936507936,0.1544973544973545,0.11798941798941799,0.18941798941798943,0.10972166196046793,0.07768589485007396,0.038960602393438216,0.10232620680381875,0.02591770875352965,0.01563130294473578,0.018118865133790508,0.08138362242839854,0.07170229931423962,0.01754739814441307,0.01734570391286809,0.027732956837434448,0.10074626865671642,0.032943391152346374,0.08417372596477074,0.1780623907489579,0.30523060373806643,0.18007933306440768,0.17581013849670565,0.15664918649993276,0.057953475863923624,0.053314508538389135,0.0001008471157724889,0.0708619066828022,53.79342718971989,0.011757626557441158,0.33339317641751093,0.12407985704110046,0.268152480839048,0.0021177894312222672,0.08444265160683072,0.11157052574963022,0.09318273497377975,0.06518085249428533,0.0808793868495361,0.2944735780556676,49.59374328932562,0.01736424273250891,0.37263155923007407,0.21897743554259014,0.268152480839048,0.0034960333467796154,0.0926784993949173,0.12047868764286675,0.09573752857334947,0.07966922146026624,0.11785666263278204,0.2219308861099906,53.27041118717736,0.012154573229523909,0.33925924177848266,0.14423568525879227,0.0890143875218502,0.1128143068441576,0.09859486352023665,0.09156918112141993,0.07301331181928197,0.08124915960736856,0.04517950786607503,0.05677692617991126,0.08054322979696114,0.07661019228183408,0.12384025816861638,0.07079467527228721
traffic_sign_clean_02.png,traffic_sign,clean,train,traffic_sign,0.8074273003472222,1.9234435666797267,1.0,0.4639756944444444,0.8502604166666666,0.86328125,0.8871527777777778,0.9405381944444445,0.8580729166666666,0.8233506944444445,0.8611111111111112,0.8567708333333334,0.7756076388888888,0.83203125,0.8676215277777778,0.8181423611111112,0.8763020833333334,0.8680555555555555,0.4765625,0.4309895833333333,0.7973090277777778,0.7916666666666666,0.9361979166666666,0.8667534722222222,0.8806423611111112,0.8220486111111112,0.8888888888888888,0.859375,0.8324652777777778,0.8893229166666666,0.8203125,0.8702256944444445,0.7986111111111112,0.9127604166666666,0.521267361111111,0.08886509635974305,0.13704496788008566,0.08083511777301927,0.2050321199143469,0.08565310492505353,0.1215203426124197,0.06638115631691649,0.21466809421841543,0.11177557534016462,0.07283722492860742,0.03339492692759953,0.1089870653452041,0.026742818746850326,0.015219217201411053,0.017940534184444818,0.0828489837056946,0.0727028389047539,0.01888123635141945,0.013539391903242062,0.026070888627582733,0.10223416764656476,0.03319334789181925,0.08903074080295649,0.17460104149168487,0.2951453048882916,0.193011926759617,0.17218209306232152,0.16086007055266252,0.06121283386527801,0.04649756425331766,0.00010078951789013942,0.07098941710062154,52.43967485536729,0.013321587215610619,0.3501519608783862,0.1378975976956481,0.26762976650428355,0.002150176381656308,0.08389047539055938,0.11211154039979843,0.09212161935158744,0.06628590626574836,0.08311775575340165,0.2926927599529649,49.93079947125372,0.016813380493097066,0.3690083812772693,0.21191601207734423,0.26762976650428355,0.0030572820426675628,0.0945069712749874,0.11943557869981522,0.09410381320342684,0.08130354443137913,0.11856206954476735,0.22140097429867295,53.46619800518445,0.012229094195375753,0.3392699464546943,0.14077125837184293,0.10129346547959012,0.09853855199059298,0.10031916680665211,0.08251301864606081,0.09695951621031412,0.05536704182764993,0.06762976650428355,0.0417604569124811,0.07367713757769193,0.08140433394926927,0.12981689904249957,0.07072064505291449
traffic_sign_clean_03.png,traffic_sign,clean,train,traffic_sign,0.8074273003472222,1.9234844522663284,1.0,0.4739583333333333,0.8541666666666666,0.8064236111111112,0.8515625,0.9249131944444445,0.9249131944444445,0.8203125,0.8567708333333334,0.8433159722222222,0.7899305555555555,0.8693576388888888,0.8220486111111112,0.8359375,0.9027777777777778,0.8667534722222222,0.4756944444444444,0.4609375,0.7907986111111112,0.7738715277777778,0.9227430555555555,0.8745659722222222,0.8793402777777778,0.8511284722222222,0.8541666666666666,0.8463541666666666,0.8224826388888888,0.8563368055555555,0.8359375,0.9244791666666666,0.8355034722222222,0.8897569444444445,0.5004340277777778,0.08093716719914804,0.1182108626198083,0.07667731629392971,0.21831735889243875,0.08732694355697551,0.12087326943556975,0.07614483493077742,0.2215122470713525,0.1049890811355619,0.07626406853687216,0.03782966571476566,0.10905425835713085,0.027246766336301024,0.01582395430875189,0.01888123635141945,0.08328573828321854,0.07233327733915673,0.018377288761968754,0.015286410213337813,0.027347555854191165,0.10502267764152529,0.030572820426675626,0.07791029732907778,0.17977490341004534,0.30156223752729716,0.18955148664538887,0.16976314463295816,0.15588778767008232,0.06517722156895683,0.04495212497900218,0.00013438602385351924,0.07297161095246095,52.60495236460389,0.013316597137321397,0.3520634307685848,0.13946239537295874,0.26695783638501597,0.002150176381656308,0.08553670418276499,0.10996136401814212,0.09460776079287754,0.06870485469511171,0.07925415756761296,0.2928271459768184,49.294858810402545,0.01690777617496986,0.37241449516447367,0.2202557836544064,0.26695783638501597,0.0030572820426675628,0.09561565597177893,0.11866285906265749,0.09921048210986057,0.07864942046027214,0.11621031412733075,0.2216361498404166,53.01030812805767,0.01249479948923061,0.3432438042197934,0.1482050095178436,0.10196539559885771,0.09742986729380144,0.09880732403830002,0.0861750377960692,0.0953468839240719,0.056946077607928774,0.07048546951117084,0.04075256173357971,0.06941038132034269,0.07975810515706366,0.13035444313791367,0.07256845288090039
traffic_sign_clean_04.png,traffic_sign,clean,train,traffic_sign,0.8040635850694444,1.9234720845470783,1.0,0.4522569444444444,0.8237847222222222,0.8328993055555555,0.8884548611111112,0.8541666666666666,0.8637152777777778,0.8315972222222222,0.859375,0.8576388888888888,0.8094618055555555,0.9431423611111112,0.8407118055555555,0.9001736111111112,0.7977430555555555,0.8407118055555555,0.46918402777777773,0.47699652777777773,0.8372395833333334,0.8107638888888888,0.8216145833333334,0.8033854166666666,0.8029513888888888,0.8172743055555555,0.828125,0.8463541666666666,0.8624131944444445,0.9171006944444445,0.8823784722222222,0.9244791666666666,0.8728298611111112,0.8624131944444445,0.4986979166666667,0.0765788165091994,0.17105917454002983,0.055196419691695676,0.1735454997513675,0.06166086524117355,0.18100447538538042,0.10243659870711089,0.17851815017404277,0.11045511285044364,0.07729158935258594,0.033399682871697985,0.11126480213218178,0.024020782024897946,0.015788940993893594,0.017846901251644683,0.08373536655308525,0.07047670456462332,0.016632367329037483,0.013258661988461928,0.028642758341486454,0.10431496913059614,0.03178030430822172,0.09233831517155291,0.16875274113558922,0.30363348065179985,0.19250362673324112,0.16092574474545393,0.15998110725009276,0.05711683141594413,0.05219122161870382,0.00020242232043453324,0.07344556526432981,51.905628610158956,0.013621253636803377,0.35411887663072694,0.1464416506969169,0.26804088930872777,0.0021929084713741102,0.08619817145170541,0.10772241152457744,0.09449748658952127,0.06595593940825209,0.08107013933403057,0.2943220539118113,49.922050786140446,0.01716228294678581,0.3718486515590186,0.21536358200033942,0.26804088930872777,0.0037110758746331097,0.09243952633177019,0.12071117708579333,0.09520596471104213,0.08053034647953848,0.1184507945076077,0.22091022570088728,53.20634783584731,0.012176445256889436,0.3418256720806389,0.14557259502014097,0.09723018791538747,0.09814108835734286,0.10758746331095442,0.09277689686582774,0.07482878445396579,0.07719037819236868,0.04675955602037718,0.06045679970311393,0.049593468506460646,0.10080631557639756,0.12155460342093721,0.0730744576768665
traffic_sign_clean_05.png,traffic_sign,clean,test,traffic_sign,0.8163519965277778,1.927830301129943,1.0,0.506076388888889,0.7964409722222222,0.8563368055555555,0.8927951388888888,0.9032118055555555,0.8723958333333334,0.8255208333333334,0.8949652777777778,0.8285590277777778,0.796875,0.9249131944444445,0.9201388888888888,0.8697916666666666,0.8346354166666666,0.8472222222222222,0.49175347222222227,0.43793402777777773,0.8515625,0.8715277777777778,0.8602430555555555,0.8667534722222222,0.8441840277777778,0.8337673611111112,0.8519965277777778,0.8450520833333334,0.87109375,0.8489583333333334,0.8797743055555555,0.9544270833333334,0.8645833333333334,0.87890625,0.5008680555555556,0.07248677248677249,0.15396825396825398,0.07407407407407407,0.18783068783068782,0.08518518518518518,0.14814814814814814,0.08042328042328042,0.19788359788359788,0.11324516514919918,0.07479896324848807,0.03472452980660597,0.10161493985512063,0.02628430916461753,0.01634877384196185,0.01641523227221373,0.08735960656609291,0.07117697879976075,0.017046587359606565,0.012959393899116102,0.03206619259653087,0.1027115039542766,0.03309629826543497,0.09044992357280521,0.16970160164816908,0.3011896059015086,0.19881039409849138,0.167574931880109,0.15381803681797035,0.057553000598125875,0.051006845218315944,9.968764537781618e-05,0.06994749784010101,53.424299255764225,0.012257027456249566,0.34029199848071356,0.12277497808243598,0.26168006911676744,0.0021266697680600785,0.08702731441483352,0.1076958862231674,0.09603243171396292,0.06848541237455971,0.08526616601315877,0.2916860503754901,49.91562216244198,0.016981661881873458,0.3691896533325305,0.21438945626801284,0.26168006911676744,0.003356150727719811,0.09570013956270353,0.11809663055758624,0.09589951485345916,0.08440220641988436,0.12105403070379478,0.21981125805808466,53.60900890197642,0.012017590985284468,0.3359683541277708,0.13947048141594057,0.09467003389379942,0.10679869741476707,0.09290888549212467,0.09184555060809464,0.07386854522496179,0.07915199042998604,0.04681996411244766,0.06795374493254469,0.052601847544361,0.10068452183159433,0.12311424204160298,0.0695819764737157
traffic_sign_clean_06.png,traffic_sign,clean,train,traffic_sign,0.8125542534722222,1.924313515190617,1.0,0.5004340277777778,0.8598090277777778,0.7964409722222222,0.8819444444444445,0.9522569444444445,0.9184027777777778,0.8025173611111112,0.8576388888888888,0.8971354166666666,0.8116319444444445,0.8506944444444445,0.8081597222222222,0.8268229166666666,0.8806423611111112,0.8884548611111112,0.4678819444444444,0.39019097222222227,0.7964409722222222,0.7816840277777778,0.9275173611111112,0.86328125,0.8559027777777778,0.8676215277777778,0.8576388888888888,0.8650173611111112,0.8754340277777778,0.8676215277777778,0.8506944444444445,0.92578125,0.8689236111111112,0.9253472222222222,0.4817708333333333,0.07604345340194396,0.16066323613493425,0.0903373356203545,0.1703830760434534,0.08290451686678102,0.14351057747284163,0.09834190966266437,0.17781589479702686,0.11517660412632703,0.07675101822794952,0.03321760032049142,0.10262402350270415,0.02470454697202377,0.01288642585297456,0.017593643586833144,0.08669960606262936,0.0702410362555919,0.01675903051345396,0.014455498430927423,0.029745609935234025,0.10125525806236228,0.033918675302129934,0.08840221673232289,0.1755692061160446,0.29087934833411233,0.20334512919810377,0.16378446951993056,0.15881017560259064,0.05858983775121854,0.051746010549509246,0.00016692261467583628,0.07267810642985911,53.18140948683236,0.012132925124566032,0.33876734541183184,0.12490744213676029,0.26524003471990387,0.0021699939907858716,0.08316084663150164,0.11107030780530146,0.09317620351205182,0.07107564932897109,0.08272684783334446,0.2913801161781398,50.25993001098368,0.017142821271870074,0.3685968003811372,0.21184821120943784,0.26524003471990387,0.002871068972424384,0.0939106630166255,0.11921613140148227,0.09691527008079054,0.0863657608332777,0.11717967550243708,0.21830139547305868,53.36154180183402,0.012108217860858164,0.3391408635214352,0.14280010310665345,0.09564665820925419,0.1078653936035254,0.09454496895239367,0.0872671429525272,0.06920611604460172,0.07965547172330907,0.07120918742071176,0.045469720237697804,0.07204380049409094,0.08112439073245643,0.12362288842892435,0.07234426120050745
traffic_sign_noisy_07.png,traffic_sign,noisy,train,traffic_sign,0.580810546875,1.8339104306890992,1.0,0.15234375,0.2573784722222222,0.3272569444444445,0.5238715277777778,0.6358506944444444,0.78125,0.8294270833333334,0.8151041666666666,0.8250868055555555,0.8424479166666666,0.657986111111111,0.7135416666666666,0.6019965277777778,0.5277777777777778,0.58984375,0.21180555555555555,0.14322916666666666,0.3845486111111111,0.3810763888888889,0.5425347222222222,0.5030381944444444,0.5364583333333334,0.6831597222222222,0.6883680555555555,0.7847222222222222,0.7265625,0.6822916666666666,0.7534722222222222,0.72265625,0.650173611111111,0.7256944444444445,0.3849826388888889,0.06563192904656319,0.23059866962305986,0.04611973392461197,0.17560975609756097,0.03503325942350333,0.24966740576496674,0.02926829268292683,0.16807095343680709,0.17747886600345616,0.06024940451169959,0.040960254075008175,0.0644061463733595,0.022651907897809537,0.015132408575031526,0.029891177432161038,0.07393395917986081,0.07715660174676568,0.02816309373686423,0.014571948998178506,0.027462519265797954,0.06379898183176871,0.042735042735042736,0.06323852225491569,0.19816916538228013,0.1739759936481248,0.16514875531268974,0.18046798374667228,0.19214422493111016,0.14156274812012518,0.048573163327261686,0.02358600719256457,0.0745411237214516,65.78808412631068,0.011999613646467289,0.27642117021579415,-0.0036648551243525004,0.345429919200411,0.02905048806688151,0.05917519032273131,0.06744196908131335,0.06520013077390127,0.06417262154967072,0.09289617486338798,0.27663350614170285,63.810582459543014,0.011763853647039482,0.28440497185906,0.017414614767695933,0.3468777731072813,0.031572556162720096,0.05674653215636822,0.07505487833356686,0.06940357760029892,0.08341506702162439,0.14305730699173322,0.19387230862640698,64.36473725680344,0.011807718945518762,0.2826055869129692,0.013135148396846347,0.13927420484797534,0.14740086871234412,0.11279248984167017,0.04436971650086404,0.05492503853159591,0.039792629956564386,0.05548549810844893,0.04301527252346925,0.06996403717715192,0.06557377049180328,0.12246041754238475,0.1049460557657279
traffic_sign_noisy_08.png,traffic_sign,noisy,train,traffic_sign,0.2896050347222222,1.8150192207167477,0.8646616541353384,0.0,0.0,0.0,0.23567708333333334,0.40972222222222227,0.5260416666666666,0.5885416666666666,0.5859375,0.5833333333333334,0.5833333333333334,0.506076388888889,0.3767361111111111,0.17100694444444445,0.057291666666666664,0.00998263888888889,0.0,0.0,0.0,0.0,0.14366319444444445,0.3702256944444444,0.49565972222222227,0.575954861111111,0.6145833333333334,0.6458333333333334,0.58203125,0.5377604166666666,0.4166666666666667,0.2513020833333333,0.0,0.0,0.0,0.23493975903614459,0.0,0.26104417670682734,0.020080321285140562,0.21485943775100402,0.004016064257028112,0.2570281124497992,0.008032128514056224,0.17019482952416634,0.054983139752716376,0.042993630573248405,0.056575496440614464,0.023229674035219184,0.012083177219932559,0.02847508430123642,0.07287373548145373,0.07455976020981642,0.0244473585612589,0.01639190708130386,0.026039715249156988,0.05704383664293743,0.044492319220681906,0.054140127388535034,0.24147620831772199,0.17206819033345822,0.13563132259273136,0.1425627575871113,0.16017234919445486,0.16757212439115773,0.01751592356687898,0.011333832896215812,0.19314349943799175,61.582013224870366,0.01758434575362545,0.3161678972109613,0.07933033172946896,0.6835893593106033,0.012083177219932559,0.08795428999625328,0.0033720494567253652,0.0014986886474334957,0.0013113525665043087,0.0018733608092918695,0.2083177219932559,65.2252985110128,0.0204671158793567,0.31836965043133875,0.05797319630394749,0.6835893593106033,0.06659797677032596,0.03418883476957662,0.002903709254402398,0.001967028849756463,0.0018733608092918695,0.005339078306481828,0.20354065192956164,62.98694162979878,0.019429120628941213,0.3209775433141353,0.07723096856977915,0.27472836268265266,0.27716373173473213,0.2254589733982765,0.006088422630198576,0.0022480329711502436,0.0014986886474334957,0.0014986886474334957,0.0006556762832521544,0.0008430123641813413,0.0014986886474334957,0.0036530535781191457,0.20466466841513675
traffic_sign_noisy_09.png,traffic_sign,noisy,test,traffic_sign,0.6154242621527778,1.8275024131026263,1.0,0.20008680555555555,0.69921875,0.49652777777777773,0.7248263888888888,0.6974826388888888,0.7595486111111112,0.7573784722222222,0.8385416666666666,0.7777777777777778,0.73828125,0.6983506944444445,0.6631944444444444,0.5308159722222222,0.47699652777777773,0.5434027777777778,0.24435763888888887,0.3068576388888889,0.5225694444444444,0.6206597222222222,0.611111111111111,0.638454861111111,0.6831597222222222,0.7118055555555555,0.8090277777777778,0.7439236111111112,0.7248263888888888,0.65625,0.65625,0.6293402777777778,0.5651041666666666,0.6341145833333334,0.3333333333333333,0.031186440677966103,0.21796610169491526,0.03593220338983051,0.22101694915254239,0.03220338983050847,0.20745762711864407,0.03728813559322034,0.21694915254237288,0.1876404989641645,0.05236479040860405,0.047339886278485475,0.06078370873187288,0.026843566800370255,0.014589853219905673,0.028077753779697623,0.07458015603649668,0.07215586018424648,0.030061268567902324,0.014810243751928418,0.02825406620531582,0.05677260104905893,0.04791290166174461,0.057830475602768106,0.1999823687574382,0.21845109534094415,0.18243928240842774,0.16533697712346276,0.17357958302111343,0.13042711685106007,0.03486578216599815,0.01670560232732402,0.07819456076166968,66.82566943674976,0.012269894572291155,0.2721160662911009,-0.015164557311461165,0.3400185128046899,0.014237228368669282,0.09132983647022525,0.08427733944549742,0.07418345307885574,0.05646405430422709,0.07819456076166968,0.2612950147661656,65.42777008310247,0.01185567965084505,0.27534188095043355,-0.0037640025328005196,0.3418257151672764,0.014766165645523868,0.0890377749371887,0.09207916427910257,0.07770970159121963,0.06986379865120994,0.12315422929430951,0.19156345043416934,66.08327562326869,0.011893243614165536,0.27398385383020085,-0.005796918119433878,0.1290166174461145,0.13831709789747432,0.12460880680565962,0.06453034777625953,0.0718913915458192,0.05029311940759025,0.04416626261735796,0.03737823423105743,0.06572045664918236,0.06232644245603209,0.10896107903204479,0.10279014413540795
traffic_sign_noisy_10.png,traffic_sign,noisy,train,traffic_sign,0.3081868489583333,1.8039498830112182,1.0,0.0,0.0,0.0,0.125,0.3619791666666667,0.4891493055555556,0.578125,0.6276041666666666,0.6176215277777778,0.6371527777777778,0.5581597222222222,0.44184027777777773,0.35590277777777773,0.1032986111111111,0.03515625,0.0,0.0,0.00954861111111111,0.07465277777777778,0.19661458333333334,0.4075520833333333,0.5316840277777778,0.5963541666666666,0.6592881944444444,0.6475694444444444,0.595920138888889,0.544704861111111,0.4127604166666667,0.2543402777777778,0.0,0.0,0.0,0.23255813953488372,0.05813953488372093,0.1777408637873754,0.03322259136212625,0.21096345514950166,0.046511627906976744,0.22591362126245848,0.014950166112956811,0.1622216354194173,0.06284658040665435,0.03652847460610862,0.06847988733386146,0.021476982659977113,0.010122348384825279,0.022885309391778894,0.07552152099287035,0.0807147258163894,0.024381656544318283,0.014435349000968224,0.025437901593169616,0.06504709092509463,0.035824311240207726,0.066543438077634,0.22753278760672477,0.1622216354194173,0.11891558841651263,0.15095502156500307,0.18167414840242938,0.16010914532171464,0.034151923246193115,0.03221547398996567,0.15975706363876419,60.04483601228507,0.016746021166637433,0.3199383303954896,0.09879928503520595,0.6137663938033624,0.040225332277088285,0.08238711381040402,0.012322858903265557,0.01091453217146378,0.010738491329988557,0.021476982659977113,0.2081682950444503,61.74239469141615,0.01849398235999582,0.32992412183010067,0.09274299438361727,0.6135903529618871,0.10016723879940147,0.02279728897104128,0.012850981427691224,0.010650470909250946,0.01408326731801778,0.03151131062406478,0.19434908898864536,59.994955948617935,0.017858033325096112,0.33199399395512114,0.10572720434523183,0.26071648622480414,0.2674060382008626,0.19866208960478832,0.008361939970073057,0.005633306927207112,0.00862600123228589,0.008361939970073057,0.007305694921221724,0.010122348384825279,0.01487545110465628,0.024645717806531114,0.18528298565267143
traffic_sign_noisy_11.png,traffic_sign,noisy,train,traffic_sign,0.5222710503472222,1.827681034009434,1.0,0.2690972222222222,0.4422743055555556,0.5594618055555556,0.7647569444444445,0.8459201388888888,0.7886284722222222,0.7109375,0.7074652777777778,0.7452256944444445,0.6827256944444445,0.6085069444444444,0.44184027777777773,0.3107638888888889,0.2183159722222222,0.2074652777777778,0.05295138888888889,0.2717013888888889,0.4479166666666667,0.44965277777777773,0.6046006944444444,0.5863715277777778,0.6796875,0.7178819444444445,0.7894965277777778,0.8168402777777778,0.7439236111111112,0.630642361111111,0.5303819444444444,0.39887152777777773,0.2634548611111111,0.2760416666666667,0.14887152777777776,0.04880429477794046,0.2571986334797462,0.04587603709126403,0.12054660810151294,0.06734992679355783,0.25866276232308444,0.07711078574914593,0.12445095168374817,0.18121851140082065,0.052978756557419626,0.04534358281826209,0.06087363008362333,0.026229678491663636,0.015478107307952007,0.03137173427517789,0.07328727990443047,0.07463771879707058,0.02986547551031008,0.015166467563496598,0.029190256063990026,0.05760141276684153,0.048927439879499296,0.05578351425751831,0.20204643432192385,0.24141692203812393,0.19072352360671063,0.16096192801121903,0.15566405235547706,0.10652885264634084,0.03157949410481484,0.018854204539552277,0.09427102269776139,65.28090812210817,0.01170747080790173,0.27467861776147107,-0.0033783319299510216,0.40019737183815507,0.015997506882044356,0.10356827507401443,0.08944060665870254,0.06778164441905157,0.049239079623954705,0.06269152859294655,0.21108398691113073,66.44414617366553,0.012186568967703454,0.27728244799915225,-0.011442071429493352,0.40414480860125696,0.015893626967225887,0.10133485690541734,0.09619280112190308,0.07146938139510725,0.05765335272425077,0.08055887394172337,0.17275229834311537,65.98611916741984,0.012076219324277044,0.27782552962319185,-0.004047270219190145,0.15140497584791981,0.16023476860748975,0.14844439827559341,0.08367527138627746,0.06180854931698956,0.04778476081649613,0.04201942554407105,0.032722173167818,0.05308263647223809,0.04336986443671116,0.058016932426115414,0.11743624370228016
traffic_sign_noisy_12.png,traffic_sign,noisy,test,traffic_sign,0.2953287760416667,1.8207143722874644,0.782312925170068,0.0,0.0,0.0,0.12369791666666667,0.36762152777777773,0.4908854166666667,0.5855034722222222,0.5815972222222222,0.580295138888889,0.587673611111111,0.5503472222222222,0.4509548611111111,0.2712673611111111,0.05425347222222222,0.05946180555555555,0.02170138888888889,0.0,0.0,0.0,0.1111111111111111,0.39800347222222227,0.4835069444444444,0.5733506944444444,0.6236979166666666,0.6822916666666666,0.5894097222222222,0.5481770833333334,0.4270833333333333,0.2864583333333333,0.002170138888888889,0.0,0.0,0.21014492753623187,0.03260869565217391,0.2427536231884058,0.030797101449275364,0.19927536231884058,0.030797101449275364,0.23550724637681159,0.018115942028985508,0.17029484706530726,0.054468632313768715,0.04243593276384679,0.05906126572976945,0.02461651510976394,0.011848994213281895,0.028566179847524572,0.07035914393313125,0.07430880867089189,0.028015063837604482,0.013410489574722146,0.030035822540644807,0.05704050702672912,0.036832919996325895,0.060071645081289614,0.23863323229539818,0.17084596307522734,0.13520712776706165,0.1443923945990631,0.15715991549554514,0.16965187838706713,0.02443280977312391,0.01331863690640213,0.1849912739965096,61.04503936272105,0.017369435585583223,0.31998032988028785,0.08970551798444291,0.6725452374391476,0.012032699549921925,0.08670891889409388,0.00468448608432075,0.0031229907228805,0.0025718747129604117,0.009644530173601543,0.2086892624230734,63.98063400845657,0.019934805489423352,0.319732158173885,0.07191705084658062,0.6716267107559475,0.06870579590337099,0.03214843391200514,0.005051896757600809,0.0021126113713603382,0.00762377147056122,0.016717185634242675,0.19601359419491135,62.93659915434392,0.01885199060151762,0.321104818997979,0.07975906736548756,0.2694038761826031,0.29154036924772664,0.2043721870120327,0.0059704234408009555,0.0026637273812804264,0.0032148433912005145,0.0016533480297602646,0.0012859373564802058,0.0059704234408009555,0.005603012767520897,0.009920088178561588,0.19840176357123174
